dt_iso,city_name,temp,temp_min,temp_max,pressure,humidity,wind_speed,wind_deg,rain_1h,rain_3h,snow_3h,clouds_all,weather_id,weather_main,weather_description,weather_icon
2019-01-01 00:00:00+01:00,Seville,283.08,283.08,283.08,1029,69,1.34,56,0.0,0.0,0.0,0,800,clear,sky is clear,01n
2019-01-01 01:00:00+01:00,Seville,282.41,282.41,282.41,1029,72,0.89,20,0.0,0.0,0.0,0,800,clear,sky is clear,01n
2019-01-01 02:00:00+01:00,Seville,281.84,281.84,281.84,1029,76,2.1,40,0.0,0.0,0.0,0,800,clear,sky is clear,01n
2019-01-01 03:00:00+01:00,Seville,281.24,281.24,281.24,1029,78,2.24,4,0.0,0.0,0.0,0,800,clear,sky is clear,01n
2019-01-01 04:00:00+01:00,Seville,280.47,280.47,280.47,1030,82,3.1,30,0.0,0.0,0.0,0,800,clear,sky is clear,01n
2019-01-01 05:00:00+01:00,Seville,280.1,280.1,280.1,1029,81,2.68,0,0.0,0.0,0.0,0,800,clear,sky is clear,01n
2019-01-01 06:00:00+01:00,Seville,279.67,279.67,279.67,1029,82,3.1,20,0.0,0.0,0.0,0,800,clear,sky is clear,01n
2019-01-01 07:00:00+01:00,Seville,279.31,279.31,279.31,1029,83,3.1,30,0.0,0.0,0.0,0,800,clear,sky is clear,01n
2019-01-01 08:00:00+01:00,Seville,278.78,278.78,278.78,1030,83,1.54,10,0.0,0.0,0.0,0,800,clear,sky is clear,01n
2019-01-01 09:00:00+01:00,Seville,278.98,278.98,278.98,1031,81,2.68,351,0.0,0.0,0.0,0,800,clear,sky is clear,01d
2019-01-01 10:00:00+01:00,Seville,279.98,279.98,279.98,1031,78,2.24,41,0.0,0.0,0.0,0,800,clear,sky is clear,01d
2019-01-01 11:00:00+01:00,Seville,282.2,282.2,282.2,1032,70,4.63,50,0.0,0.0,0.0,0,800,clear,sky is clear,01d
2019-01-01 12:00:00+01:00,Seville,285.09,285.09,285.09,1031,60,3.6,50,0.0,0.0,0.0,0,800,clear,sky is clear,01d
2019-01-01 13:00:00+01:00,Seville,286.99,286.99,286.99,1031,52,1.54,60,0.0,0.0,0.0,0,800,clear,sky is clear,01d
2019-01-01 14:00:00+01:00,Seville,288.31,288.31,288.31,1030,49,1.03,0,0.0,0.0,0.0,0,800,clear,sky is clear,01d
2019-01-01 15:00:00+01:00,Seville,289.3,289.3,289.3,1029,47,1.34,353,0.0,0.0,0.0,0,800,clear,sky is clear,01d
2019-01-01 16:00:00+01:00,Seville,289.92,289.92,289.92,1029,45,0.89,29,0.0,0.0,0.0,0,800,clear,sky is clear,01d
2019-01-01 17:00:00+01:00,Seville,290.92,290.92,290.92,1029,41,1.34,72,0.0,0.0,0.0,0,800,clear,sky is clear,01d
2019-01-01 18:00:00+01:00,Seville,290.32,290.32,290.32,1030,44,1.03,0,0.0,0.0,0.0,0,800,clear,sky is clear,01d
2019-01-01 19:00:00+01:00,Seville,287.76,287.76,287.76,1030,55,0.51,0,0.0,0.0,0.0,0,800,clear,sky is clear,01n
2019-01-01 20:00:00+01:00,Seville,285.93,285.93,285.93,1030,62,0,0,0.0,0.0,0.0,0,800,clear,sky is clear,01n
2019-01-01 21:00:00+01:00,Seville,284.77,284.77,284.77,1030,66,1.03,0,0.0,0.0,0.0,0,800,clear,sky is clear,01n
2019-01-01 22:00:00+01:00,Seville,283.27,283.27,283.27,1030,72,1.03,150,0.0,0.0,0.0,0,800,clear,sky is clear,01n
2019-01-01 23:00:00+01:00,Seville,282.72,282.72,282.72,1030,72,0,0,0.0,0.0,0.0,0,800,clear,sky is clear,01n
2019-01-02 00:00:00+01:00,Seville,281.84,281.84,281.84,1030,74,0.45,342,0.0,0.0,0.0,0,800,clear,sky is clear,01n
2019-01-02 01:00:00+01:00,Seville,280.92,280.92,280.92,1030,80,0.45,21,0.0,0.0,0.0,0,800,clear,sky is clear,01n
2019-01-02 02:00:00+01:00,Seville,280.69,280.69,280.69,1030,82,0.89,347,0.0,0.0,0.0,0,800,clear,sky is clear,01n
2019-01-02 03:00:00+01:00,Seville,280.56,280.56,280.56,1030,83,0.89,5,0.0,0.0,0.0,0,800,clear,sky is clear,01n
2019-01-02 04:00:00+01:00,Seville,280.03,280.03,280.03,1030,82,0.89,32,0.0,0.0,0.0,0,800,clear,sky is clear,01n
2019-01-02 05:00:00+01:00,Seville,279.04,279.04,279.04,1030,85,1.34,16,0.0,0.0,0.0,0,800,clear,sky is clear,01n
2019-01-02 06:00:00+01:00,Seville,278.79,278.79,278.79,1029,85,0.89,5,0.0,0.0,0.0,0,800,clear,sky is clear,01n
2019-01-02 07:00:00+01:00,Seville,278.36,278.36,278.36,1030,87,1.54,10,0.0,0.0,0.0,0,800,clear,sky is clear,01n
2019-01-02 08:00:00+01:00,Seville,278.02,278.02,278.02,1030,87,2.1,10,0.0,0.0,0.0,0,800,clear,sky is clear,01n
2019-01-02 09:00:00+01:00,Seville,278.18,278.18,278.18,1030,85,2.1,360,0.0,0.0,0.0,0,800,clear,sky is clear,01d
2019-01-02 10:00:00+01:00,Seville,279.54,279.54,279.54,1030,78,3.6,20,0.0,0.0,0.0,0,800,clear,sky is clear,01d
2019-01-02 11:00:00+01:00,Seville,281.09,281.09,281.09,1030,74,3.6,50,0.0,0.0,0.0,0,800,clear,sky is clear,01d
2019-01-02 12:00:00+01:00,Seville,283.81,283.81,283.81,1029,66,1.54,40,0.0,0.0,0.0,0,800,clear,sky is clear,01d
2019-01-02 13:00:00+01:00,Seville,286.3,286.3,286.3,1028,59,1.03,310,0.0,0.0,0.0,0,800,clear,sky is clear,01d
2019-01-02 14:00:00+01:00,Seville,288.22,288.22,288.22,1027,53,0.51,0,0.0,0.0,0.0,0,800,clear,sky is clear,01d
2019-01-02 15:00:00+01:00,Seville,289.19,289.19,289.19,1027,49,0.51,330,0.0,0.0,0.0,0,800,clear,sky is clear,01d
2019-01-02 16:00:00+01:00,Seville,290.42,290.42,290.42,1026,48,1.54,220,0.0,0.0,0.0,0,800,clear,sky is clear,01d
2019-01-02 17:00:00+01:00,Seville,289.61,289.61,289.61,1026,53,1.03,240,0.0,0.0,0.0,0,800,clear,sky is clear,01d
2019-01-02 18:00:00+01:00,Seville,288.46,288.46,288.46,1026,61,1.79,171,0.0,0.0,0.0,0,800,clear,sky is clear,01d
2019-01-02 19:00:00+01:00,Seville,286.16,286.16,286.16,1026,72,1.03,0,0.0,0.0,0.0,0,800,clear,sky is clear,01n
2019-01-02 20:00:00+01:00,Seville,285.02,285.02,285.02,1026,75,1.03,0,0.0,0.0,0.0,0,800,clear,sky is clear,01n
2019-01-02 21:00:00+01:00,Seville,284.99,284.99,284.99,1026,74,2.6,210,0.0,0.0,0.0,0,800,clear,sky is clear,01n
2019-01-02 22:00:00+01:00,Seville,283.03,283.03,283.03,1026,84,1.54,130,0.0,0.0,0.0,0,800,clear,sky is clear,01n
2019-01-02 23:00:00+01:00,Seville,281.82,281.82,281.82,1026,88,1.03,0,0.0,0.0,0.0,0,800,clear,sky is clear,01n
2019-01-03 00:00:00+01:00,Seville,281.04,281.04,281.04,1026,86,1.03,130,0.0,0.0,0.0,0,800,clear,sky is clear,01n
2019-01-03 01:00:00+01:00,Seville,280.5,280.5,280.5,1025,87,1.54,100,0.0,0.0,0.0,0,800,clear,sky is clear,01n
2019-01-03 02:00:00+01:00,Seville,280.05,280.05,280.05,1026,88,0.89,347,0.0,0.0,0.0,20,801,clouds,few clouds,02n
2019-01-03 03:00:00+01:00,Seville,280.68,280.68,280.68,1026,89,1.34,6,0.0,0.0,0.0,100,701,mist,mist,50n
2019-01-03 04:00:00+01:00,Seville,279.94,279.94,279.94,1026,91,1.34,327,0.0,0.0,0.0,75,701,mist,mist,50n
2019-01-03 05:00:00+01:00,Seville,279.76,279.76,279.76,1025,91,3.1,30,0.0,0.0,0.0,75,701,mist,mist,50n
2019-01-03 06:00:00+01:00,Seville,279.81,279.81,279.81,1025,90,2.1,20,0.0,0.0,0.0,75,701,mist,mist,50n
2019-01-03 07:00:00+01:00,Seville,279.89,279.89,279.89,1026,87,2.1,360,0.0,0.0,0.0,75,803,clouds,broken clouds,04n
2019-01-03 08:00:00+01:00,Seville,280.23,280.23,280.23,1026,84,3.1,60,0.0,0.0,0.0,75,803,clouds,broken clouds,04n
2019-01-03 09:00:00+01:00,Seville,280.01,280.01,280.01,1027,83,2.6,50,0.0,0.0,0.0,40,802,clouds,scattered clouds,03d
2019-01-03 10:00:00+01:00,Seville,280.54,280.54,280.54,1028,81,3.1,60,0.0,0.0,0.0,0,800,clear,sky is clear,01d
2019-01-03 11:00:00+01:00,Seville,281.86,281.86,281.86,1028,76,2.6,30,0.0,0.0,0.0,0,800,clear,sky is clear,01d
2019-01-03 12:00:00+01:00,Seville,283.55,283.55,283.55,1028,71,4.12,40,0.0,0.0,0.0,0,800,clear,sky is clear,01d
2019-01-03 13:00:00+01:00,Seville,285.09,285.09,285.09,1027,67,4.12,40,0.0,0.0,0.0,0,800,clear,sky is clear,01d
2019-01-03 14:00:00+01:00,Seville,286.48,286.48,286.48,1027,63,3.1,30,0.0,0.0,0.0,0,800,clear,sky is clear,01d
2019-01-03 15:00:00+01:00,Seville,287.55,287.55,287.55,1026,65,2.6,30,0.0,0.0,0.0,0,800,clear,sky is clear,01d
2019-01-03 16:00:00+01:00,Seville,288.61,288.61,288.61,1026,63,1.54,350,0.0,0.0,0.0,0,800,clear,sky is clear,01d
2019-01-03 17:00:00+01:00,Seville,288.91,288.91,288.91,1026,62,2.6,10,0.0,0.0,0.0,0,800,clear,sky is clear,01d
2019-01-03 18:00:00+01:00,Seville,287.63,287.63,287.63,1026,68,2.1,20,0.0,0.0,0.0,0,800,clear,sky is clear,01d
2019-01-03 19:00:00+01:00,Seville,286.34,286.34,286.34,1026,72,1.54,20,0.0,0.0,0.0,0,800,clear,sky is clear,01n
2019-01-03 20:00:00+01:00,Seville,285.4,285.4,285.4,1026,77,0.89,15,0.0,0.0,0.0,0,800,clear,sky is clear,01n
2019-01-03 21:00:00+01:00,Seville,284.51,284.51,284.51,1027,82,1.34,30,0.0,0.0,0.0,0,800,clear,sky is clear,01n
2019-01-03 22:00:00+01:00,Seville,283.6,283.6,283.6,1027,83,1.54,40,0.0,0.0,0.0,0,800,clear,sky is clear,01n
2019-01-03 23:00:00+01:00,Seville,282.99,282.99,282.99,1027,85,2.6,50,0.0,0.0,0.0,20,801,clouds,few clouds,02n
2019-01-04 00:00:00+01:00,Seville,282.08,282.08,282.08,1027,86,2.6,40,0.0,0.0,0.0,0,800,clear,sky is clear,01n
2019-01-04 01:00:00+01:00,Seville,281.8,281.8,281.8,1027,87,1.54,40,0.0,0.0,0.0,0,800,clear,sky is clear,01n
2019-01-04 02:00:00+01:00,Seville,281.08,281.08,281.08,1027,86,1.79,18,0.0,0.0,0.0,0,800,clear,sky is clear,01n
2019-01-04 03:00:00+01:00,Seville,280.45,280.45,280.45,1027,86,1.79,21,0.0,0.0,0.0,0,800,clear,sky is clear,01n
2019-01-04 04:00:00+01:00,Seville,280.63,280.63,280.63,1027,86,1.79,37,0.0,0.0,0.0,0,800,clear,sky is clear,01n
2019-01-04 05:00:00+01:00,Seville,280.27,280.27,280.27,1027,87,1.54,40,0.0,0.0,0.0,0,800,clear,sky is clear,01n
2019-01-04 06:00:00+01:00,Seville,280.07,280.07,280.07,1027,86,2.24,36,0.0,0.0,0.0,0,800,clear,sky is clear,01n
2019-01-04 07:00:00+01:00,Seville,279.26,279.26,279.26,1027,87,2.6,50,0.0,0.0,0.0,0,800,clear,sky is clear,01n
2019-01-04 08:00:00+01:00,Seville,279.26,279.26,279.26,1028,84,3.6,60,0.0,0.0,0.0,0,800,clear,sky is clear,01n
2019-01-04 09:00:00+01:00,Seville,279.04,279.04,279.04,1028,84,2.1,360,0.0,0.0,0.0,0,800,clear,sky is clear,01d
2019-01-04 10:00:00+01:00,Seville,280.3,280.3,280.3,1029,80,2.6,10,0.0,0.0,0.0,0,800,clear,sky is clear,01d
2019-01-04 11:00:00+01:00,Seville,282.04,282.04,282.04,1030,75,3.6,20,0.0,0.0,0.0,0,800,clear,sky is clear,01d
2019-01-04 12:00:00+01:00,Seville,284.53,284.53,284.53,1030,68,3.6,60,0.0,0.0,0.0,0,800,clear,sky is clear,01d
2019-01-04 13:00:00+01:00,Seville,287.08,287.08,287.08,1029,62,3.6,70,0.0,0.0,0.0,0,800,clear,sky is clear,01d
2019-01-04 14:00:00+01:00,Seville,288.53,288.53,288.53,1029,59,4.12,70,0.0,0.0,0.0,0,800,clear,sky is clear,01d
2019-01-04 15:00:00+01:00,Seville,289.62,289.62,289.62,1028,56,5.7,60,0.0,0.0,0.0,20,801,clouds,few clouds,02d
2019-01-04 16:00:00+01:00,Seville,289.91,289.91,289.91,1028,53,4.12,70,0.0,0.0,0.0,0,800,clear,sky is clear,01d
2019-01-04 17:00:00+01:00,Seville,290,290,290,1028,53,3.1,80,0.0,0.0,0.0,0,800,clear,sky is clear,01d
2019-01-04 18:00:00+01:00,Seville,289,289,289,1028,55,3.6,60,0.0,0.0,0.0,0,800,clear,sky is clear,01d
2019-01-04 19:00:00+01:00,Seville,287.28,287.28,287.28,1029,61,3.6,60,0.0,0.0,0.0,0,800,clear,sky is clear,01n
2019-01-04 20:00:00+01:00,Seville,286.11,286.11,286.11,1029,65,2.1,70,0.0,0.0,0.0,0,800,clear,sky is clear,01n
2019-01-04 21:00:00+01:00,Seville,284.6,284.6,284.6,1030,72,2.1,50,0.0,0.0,0.0,0,800,clear,sky is clear,01n
2019-01-04 22:00:00+01:00,Seville,283.59,283.59,283.59,1030,74,2.1,20,0.0,0.0,0.0,0,800,clear,sky is clear,01n
2019-01-04 23:00:00+01:00,Seville,282.75,282.75,282.75,1030,75,2.1,40,0.0,0.0,0.0,0,800,clear,sky is clear,01n
2019-01-05 00:00:00+01:00,Seville,282.21,282.21,282.21,1030,77,3.1,40,0.0,0.0,0.0,0,800,clear,sky is clear,01n
2019-01-05 01:00:00+01:00,Seville,281.31,281.31,281.31,1030,80,1.34,352,0.0,0.0,0.0,0,800,clear,sky is clear,01n
2019-01-05 02:00:00+01:00,Seville,280.58,280.58,280.58,1031,82,0.89,358,0.0,0.0,0.0,0,800,clear,sky is clear,01n
2019-01-05 03:00:00+01:00,Seville,280.41,280.41,280.41,1031,83,4.12,50,0.0,0.0,0.0,0,800,clear,sky is clear,01n
2019-01-05 04:00:00+01:00,Seville,279.89,279.89,279.89,1032,83,2.6,40,0.0,0.0,0.0,0,800,clear,sky is clear,01n
2019-01-05 05:00:00+01:00,Seville,279.74,279.74,279.74,1031,84,3.1,40,0.0,0.0,0.0,0,800,clear,sky is clear,01n
2019-01-05 06:00:00+01:00,Seville,278.69,278.69,278.69,1031,87,3.1,30,0.0,0.0,0.0,0,800,clear,sky is clear,01n
2019-01-05 07:00:00+01:00,Seville,278.29,278.29,278.29,1031,85,3.6,50,0.0,0.0,0.0,0,800,clear,sky is clear,01n
2019-01-05 08:00:00+01:00,Seville,278.16,278.16,278.16,1032,87,1.79,42,0.0,0.0,0.0,0,800,clear,sky is clear,01n
2019-01-05 09:00:00+01:00,Seville,278.03,278.03,278.03,1032,85,2.24,24,0.0,0.0,0.0,0,800,clear,sky is clear,01d
2019-01-05 10:00:00+01:00,Seville,279.47,279.47,279.47,1033,81,2.68,3,0.0,0.0,0.0,0,800,clear,sky is clear,01d
2019-01-05 11:00:00+01:00,Seville,281.39,281.39,281.39,1034,74,3.6,50,0.0,0.0,0.0,0,800,clear,sky is clear,01d
2019-01-05 12:00:00+01:00,Seville,284.1,284.1,284.1,1033,65,5.7,70,0.0,0.0,0.0,0,800,clear,sky is clear,01d
2019-01-05 13:00:00+01:00,Seville,286.28,286.28,286.28,1032,56,5.7,60,0.0,0.0,0.0,0,800,clear,sky is clear,01d
2019-01-05 14:00:00+01:00,Seville,287.72,287.72,287.72,1031,53,4.12,50,0.0,0.0,0.0,0,800,clear,sky is clear,01d
2019-01-05 15:00:00+01:00,Seville,288.76,288.76,288.76,1031,48,3.1,50,0.0,0.0,0.0,0,800,clear,sky is clear,01d
2019-01-05 16:00:00+01:00,Seville,290,290,290,1030,44,3.1,50,0.0,0.0,0.0,0,800,clear,sky is clear,01d
2019-01-05 17:00:00+01:00,Seville,290.17,290.17,290.17,1031,43,3.1,60,0.0,0.0,0.0,0,800,clear,sky is clear,01d
2019-01-05 18:00:00+01:00,Seville,290.18,290.18,290.18,1031,43,0.89,40,0.0,0.0,0.0,0,800,clear,sky is clear,01d
2019-01-05 19:00:00+01:00,Seville,286.95,286.95,286.95,1031,56,1.54,30,0.0,0.0,0.0,0,800,clear,sky is clear,01n
2019-01-05 20:00:00+01:00,Seville,285.33,285.33,285.33,1031,62,1.54,60,0.0,0.0,0.0,0,800,clear,sky is clear,01n
2019-01-05 21:00:00+01:00,Seville,284.32,284.32,284.32,1031,67,0.89,12,0.0,0.0,0.0,0,800,clear,sky is clear,01n
2019-01-05 22:00:00+01:00,Seville,282.87,282.87,282.87,1031,71,1.03,0,0.0,0.0,0.0,0,800,clear,sky is clear,01n
2019-01-05 23:00:00+01:00,Seville,282.1,282.1,282.1,1031,76,0.45,353,0.0,0.0,0.0,0,800,clear,sky is clear,01n
2019-01-06 00:00:00+01:00,Seville,282.08,282.08,282.08,1031,76,1.54,10,0.0,0.0,0.0,0,800,clear,sky is clear,01n
2019-01-06 01:00:00+01:00,Seville,280.96,280.96,280.96,1030,80,1.54,40,0.0,0.0,0.0,0,800,clear,sky is clear,01n
2019-01-06 02:00:00+01:00,Seville,280.51,280.51,280.51,1030,80,1.03,0,0.0,0.0,0.0,0,800,clear,sky is clear,01n
2019-01-06 03:00:00+01:00,Seville,279.6,279.6,279.6,1031,82,1.03,360,0.0,0.0,0.0,0,800,clear,sky is clear,01n
2019-01-06 04:00:00+01:00,Seville,279.12,279.12,279.12,1031,83,0.89,352,0.0,0.0,0.0,0,800,clear,sky is clear,01n
2019-01-06 05:00:00+01:00,Seville,278.69,278.69,278.69,1030,82,1.34,16,0.0,0.0,0.0,0,800,clear,sky is clear,01n
2019-01-06 06:00:00+01:00,Seville,278.22,278.22,278.22,1030,82,1.54,30,0.0,0.0,0.0,0,800,clear,sky is clear,01n
2019-01-06 07:00:00+01:00,Seville,278.01,278.01,278.01,1030,80,1.34,23,0.0,0.0,0.0,0,800,clear,sky is clear,01n
2019-01-06 08:00:00+01:00,Seville,277.02,277.02,277.02,1030,83,1.34,8,0.0,0.0,0.0,0,800,clear,sky is clear,01n
2019-01-06 09:00:00+01:00,Seville,277.29,277.29,277.29,1030,80,1.54,20,0.0,0.0,0.0,0,800,clear,sky is clear,01d
2019-01-06 10:00:00+01:00,Seville,278.85,278.85,278.85,1031,76,2.1,80,0.0,0.0,0.0,0,800,clear,sky is clear,01d
2019-01-06 11:00:00+01:00,Seville,280.97,280.97,280.97,1031,68,1.54,40,0.0,0.0,0.0,0,800,clear,sky is clear,01d
2019-01-06 12:00:00+01:00,Seville,283.19,283.19,283.19,1031,63,1.54,40,0.0,0.0,0.0,0,800,clear,sky is clear,01d
2019-01-06 13:00:00+01:00,Seville,284.57,284.57,284.57,1029,60,2.1,30,0.0,0.0,0.0,0,800,clear,sky is clear,01d
2019-01-06 14:00:00+01:00,Seville,286.66,286.66,286.66,1028,53,1.03,0,0.0,0.0,0.0,0,800,clear,sky is clear,01d
2019-01-06 15:00:00+01:00,Seville,288.73,288.73,288.73,1027,45,1.03,0,0.0,0.0,0.0,0,800,clear,sky is clear,01d
2019-01-06 16:00:00+01:00,Seville,290.33,290.33,290.33,1027,40,0.45,16,0.0,0.0,0.0,0,800,clear,sky is clear,01d
2019-01-06 17:00:00+01:00,Seville,291.65,291.65,291.65,1027,35,1.03,0,0.0,0.0,0.0,0,800,clear,sky is clear,01d
2019-01-06 18:00:00+01:00,Seville,290.88,290.88,290.88,1027,39,1.54,270,0.0,0.0,0.0,0,800,clear,sky is clear,01d
2019-01-06 19:00:00+01:00,Seville,287.5,287.5,287.5,1027,50,0.51,0,0.0,0.0,0.0,0,800,clear,sky is clear,01n
2019-01-06 20:00:00+01:00,Seville,286.01,286.01,286.01,1027,57,0.51,140,0.0,0.0,0.0,0,800,clear,sky is clear,01n
2019-01-06 21:00:00+01:00,Seville,283.71,283.71,283.71,1028,68,1.54,150,0.0,0.0,0.0,0,800,clear,sky is clear,01n
2019-01-06 22:00:00+01:00,Seville,282.64,282.64,282.64,1028,73,1.03,0,0.0,0.0,0.0,0,800,clear,sky is clear,01n
2019-01-06 23:00:00+01:00,Seville,281.6,281.6,281.6,1028,75,0.45,211,0.0,0.0,0.0,0,800,clear,sky is clear,01n
2019-01-07 00:00:00+01:00,Seville,280.84,280.84,280.84,1028,77,0.51,90,0.0,0.0,0.0,0,800,clear,sky is clear,01n
2019-01-07 01:00:00+01:00,Seville,280.11,280.11,280.11,1028,81,0.89,2,0.0,0.0,0.0,0,800,clear,sky is clear,01n
2019-01-07 02:00:00+01:00,Seville,279.52,279.52,279.52,1028,81,0.89,360,0.0,0.0,0.0,0,800,clear,sky is clear,01n
2019-01-07 03:00:00+01:00,Seville,279.04,279.04,279.04,1028,82,1.34,33,0.0,0.0,0.0,0,800,clear,sky is clear,01n
2019-01-07 04:00:00+01:00,Seville,278.67,278.67,278.67,1028,83,1.03,10,0.0,0.0,0.0,0,800,clear,sky is clear,01n
2019-01-07 05:00:00+01:00,Seville,277.95,277.95,277.95,1028,84,1.79,14,0.0,0.0,0.0,0,800,clear,sky is clear,01n
2019-01-07 06:00:00+01:00,Seville,277.19,277.19,277.19,1028,84,2.24,4,0.0,0.0,0.0,0,800,clear,sky is clear,01n
2019-01-07 07:00:00+01:00,Seville,276.84,276.84,276.84,1028,84,2.68,354,0.0,0.0,0.0,0,800,clear,sky is clear,01n
2019-01-07 08:00:00+01:00,Seville,276.76,276.76,276.76,1028,84,2.68,350,0.0,0.0,0.0,0,800,clear,sky is clear,01n
2019-01-07 09:00:00+01:00,Seville,276.92,276.92,276.92,1028,82,2.24,15,0.0,0.0,0.0,0,800,clear,sky is clear,01d
2019-01-07 10:00:00+01:00,Seville,277.97,277.97,277.97,1029,76,2.1,40,0.0,0.0,0.0,0,800,clear,sky is clear,01d
2019-01-07 11:00:00+01:00,Seville,280.38,280.38,280.38,1030,69,4.12,50,0.0,0.0,0.0,0,800,clear,sky is clear,01d
2019-01-07 12:00:00+01:00,Seville,282.73,282.73,282.73,1029,61,3.6,40,0.0,0.0,0.0,0,800,clear,sky is clear,01d
2019-01-07 13:00:00+01:00,Seville,285.06,285.06,285.06,1028,54,1.79,13,0.0,0.0,0.0,0,800,clear,sky is clear,01d
2019-01-07 14:00:00+01:00,Seville,287.03,287.03,287.03,1027,48,2.6,40,0.0,0.0,0.0,0,800,clear,sky is clear,01d
2019-01-07 15:00:00+01:00,Seville,288.62,288.62,288.62,1027,43,2.6,40,0.0,0.0,0.0,0,800,clear,sky is clear,01d
2019-01-07 16:00:00+01:00,Seville,289.55,289.55,289.55,1026,40,2.1,50,0.0,0.0,0.0,0,800,clear,sky is clear,01d
2019-01-07 17:00:00+01:00,Seville,290.16,290.16,290.16,1026,38,1.54,20,0.0,0.0,0.0,0,800,clear,sky is clear,01d
2019-01-07 18:00:00+01:00,Seville,289.54,289.54,289.54,1026,43,1.03,350,0.0,0.0,0.0,0,800,clear,sky is clear,01d
2019-01-07 19:00:00+01:00,Seville,286.42,286.42,286.42,1026,51,1.03,330,0.0,0.0,0.0,0,800,clear,sky is clear,01n
2019-01-07 20:00:00+01:00,Seville,284.88,284.88,284.88,1027,57,0.51,0,0.0,0.0,0.0,0,800,clear,sky is clear,01n
2019-01-07 21:00:00+01:00,Seville,283.42,283.42,283.42,1027,63,0.45,326,0.0,0.0,0.0,0,800,clear,sky is clear,01n
2019-01-07 22:00:00+01:00,Seville,282.4,282.4,282.4,1027,66,0.89,29,0.0,0.0,0.0,0,800,clear,sky is clear,01n
2019-01-07 23:00:00+01:00,Seville,281.33,281.33,281.33,1027,71,0.89,360,0.0,0.0,0.0,0,800,clear,sky is clear,01n
2019-01-08 00:00:00+01:00,Seville,280.75,280.75,280.75,1027,72,1.03,40,0.0,0.0,0.0,0,800,clear,sky is clear,01n
2019-01-08 01:00:00+01:00,Seville,279.79,279.79,279.79,1027,74,1.34,350,0.0,0.0,0.0,0,800,clear,sky is clear,01n
2019-01-08 02:00:00+01:00,Seville,279.71,279.71,279.71,1027,76,1.03,30,0.0,0.0,0.0,0,800,clear,sky is clear,01n
2019-01-08 03:00:00+01:00,Seville,279.04,279.04,279.04,1028,77,0.89,1,0.0,0.0,0.0,0,800,clear,sky is clear,01n
2019-01-08 04:00:00+01:00,Seville,278.68,278.68,278.68,1028,77,1.34,12,0.0,0.0,0.0,0,800,clear,sky is clear,01n
2019-01-08 05:00:00+01:00,Seville,277.77,277.77,277.77,1028,79,2.24,356,0.0,0.0,0.0,0,800,clear,sky is clear,01n
2019-01-08 06:00:00+01:00,Seville,277.77,277.77,277.77,1028,79,3.13,350,0.0,0.0,0.0,0,800,clear,sky is clear,01n
2019-01-08 07:00:00+01:00,Seville,277.35,277.35,277.35,1028,79,3.1,360,0.0,0.0,0.0,0,800,clear,sky is clear,01n
2019-01-08 08:00:00+01:00,Seville,277.04,277.04,277.04,1028,80,1.54,40,0.0,0.0,0.0,0,800,clear,sky is clear,01n
2019-01-08 09:00:00+01:00,Seville,277.28,277.28,277.28,1029,77,2.24,26,0.0,0.0,0.0,0,800,clear,sky is clear,01d
2019-01-08 10:00:00+01:00,Seville,278.21,278.21,278.21,1029,71,3.13,19,0.0,0.0,0.0,0,800,clear,sky is clear,01d
2019-01-08 11:00:00+01:00,Seville,280.36,280.36,280.36,1030,64,4.63,30,0.0,0.0,0.0,0,800,clear,sky is clear,01d
2019-01-08 12:00:00+01:00,Seville,282.95,282.95,282.95,1030,60,3.6,40,0.0,0.0,0.0,0,800,clear,sky is clear,01d
2019-01-08 13:00:00+01:00,Seville,285.37,285.37,285.37,1028,55,3.1,50,0.0,0.0,0.0,0,800,clear,sky is clear,01d
2019-01-08 14:00:00+01:00,Seville,287.34,287.34,287.34,1027,52,2.6,30,0.0,0.0,0.0,0,800,clear,sky is clear,01d
2019-01-08 15:00:00+01:00,Seville,288.63,288.63,288.63,1027,49,2.6,40,0.0,0.0,0.0,0,800,clear,sky is clear,01d
2019-01-08 16:00:00+01:00,Seville,289.79,289.79,289.79,1026,45,2.1,50,0.0,0.0,0.0,0,800,clear,sky is clear,01d
2019-01-08 17:00:00+01:00,Seville,289.84,289.84,289.84,1026,42,1.03,0,0.0,0.0,0.0,0,800,clear,sky is clear,01d
2019-01-08 18:00:00+01:00,Seville,288.86,288.86,288.86,1025,45,1.54,20,0.0,0.0,0.0,0,800,clear,sky is clear,01d
2019-01-08 19:00:00+01:00,Seville,286.71,286.71,286.71,1026,54,1.03,60,0.0,0.0,0.0,0,800,clear,sky is clear,01n
2019-01-08 20:00:00+01:00,Seville,284.52,284.52,284.52,1026,64,0,0,0.0,0.0,0.0,0,800,clear,sky is clear,01n
2019-01-08 21:00:00+01:00,Seville,283.68,283.68,283.68,1026,68,1.54,50,0.0,0.0,0.0,0,800,clear,sky is clear,01n
2019-01-08 22:00:00+01:00,Seville,282.37,282.37,282.37,1026,72,1.03,120,0.0,0.0,0.0,0,800,clear,sky is clear,01n
2019-01-08 23:00:00+01:00,Seville,281.49,281.49,281.49,1026,74,1.54,100,0.0,0.0,0.0,0,800,clear,sky is clear,01n
2019-01-09 00:00:00+01:00,Seville,280.52,280.52,280.52,1025,78,1.03,30,0.0,0.0,0.0,0,800,clear,sky is clear,01n
2019-01-09 01:00:00+01:00,Seville,280.25,280.25,280.25,1025,79,1.03,300,0.0,0.0,0.0,0,800,clear,sky is clear,01n
2019-01-09 02:00:00+01:00,Seville,279.6,279.6,279.6,1024,80,1.54,30,0.0,0.0,0.0,0,800,clear,sky is clear,01n
2019-01-09 03:00:00+01:00,Seville,278.94,278.94,278.94,1024,81,2.1,30,0.0,0.0,0.0,0,800,clear,sky is clear,01n
2019-01-09 04:00:00+01:00,Seville,278.59,278.59,278.59,1024,83,0.89,11,0.0,0.0,0.0,0,800,clear,sky is clear,01n
2019-01-09 05:00:00+01:00,Seville,277.89,277.89,277.89,1024,82,1.34,350,0.0,0.0,0.0,0,800,clear,sky is clear,01n
2019-01-09 06:00:00+01:00,Seville,276.97,276.97,276.97,1023,83,3.13,6,0.0,0.0,0.0,0,800,clear,sky is clear,01n
2019-01-09 07:00:00+01:00,Seville,277.38,277.38,277.38,1022,80,3.1,50,0.0,0.0,0.0,0,800,clear,sky is clear,01n
2019-01-09 08:00:00+01:00,Seville,277.1,277.1,277.1,1022,79,2.1,10,0.0,0.0,0.0,0,800,clear,sky is clear,01n
2019-01-09 09:00:00+01:00,Seville,277.17,277.17,277.17,1023,80,2.68,36,0.0,0.0,0.0,0,800,clear,sky is clear,01d
2019-01-09 10:00:00+01:00,Seville,278.84,278.84,278.84,1022,73,2.68,4,0.0,0.0,0.0,0,800,clear,sky is clear,01d
2019-01-09 11:00:00+01:00,Seville,280.46,280.46,280.46,1023,68,3.6,50,0.0,0.0,0.0,0,800,clear,sky is clear,01d
2019-01-09 12:00:00+01:00,Seville,283.19,283.19,283.19,1023,60,3.6,20,0.0,0.0,0.0,0,800,clear,sky is clear,01d
2019-01-09 13:00:00+01:00,Seville,285.9,285.9,285.9,1022,51,2.1,20,0.0,0.0,0.0,0,800,clear,sky is clear,01d
2019-01-09 14:00:00+01:00,Seville,287.53,287.53,287.53,1020,45,2.1,30,0.0,0.0,0.0,0,800,clear,sky is clear,01d
2019-01-09 15:00:00+01:00,Seville,288.79,288.79,288.79,1020,40,2.1,10,0.0,0.0,0.0,0,800,clear,sky is clear,01d
2019-01-09 16:00:00+01:00,Seville,289.95,289.95,289.95,1019,38,0.51,10,0.0,0.0,0.0,0,800,clear,sky is clear,01d
2019-01-09 17:00:00+01:00,Seville,290.74,290.74,290.74,1018,37,0.51,0,0.0,0.0,0.0,0,800,clear,sky is clear,01d
2019-01-09 18:00:00+01:00,Seville,290.45,290.45,290.45,1018,39,1.54,250,0.0,0.0,0.0,0,800,clear,sky is clear,01d
2019-01-09 19:00:00+01:00,Seville,287.15,287.15,287.15,1018,53,0,0,0.0,0.0,0.0,0,800,clear,sky is clear,01n
2019-01-09 20:00:00+01:00,Seville,285.22,285.22,285.22,1018,59,0.51,0,0.0,0.0,0.0,0,800,clear,sky is clear,01n
2019-01-09 21:00:00+01:00,Seville,284.12,284.12,284.12,1018,64,2.6,120,0.0,0.0,0.0,0,800,clear,sky is clear,01n
2019-01-09 22:00:00+01:00,Seville,283.4,283.4,283.4,1018,66,1.54,140,0.0,0.0,0.0,0,800,clear,sky is clear,01n
2019-01-09 23:00:00+01:00,Seville,282.09,282.09,282.09,1017,72,0.89,12,0.0,0.0,0.0,0,800,clear,sky is clear,01n
2019-01-10 00:00:00+01:00,Seville,281.19,281.19,281.19,1017,75,0.45,341,0.0,0.0,0.0,0,800,clear,sky is clear,01n
2019-01-10 01:00:00+01:00,Seville,280.32,280.32,280.32,1017,77,1.03,160,0.0,0.0,0.0,0,800,clear,sky is clear,01n
2019-01-10 02:00:00+01:00,Seville,279.7,279.7,279.7,1017,79,1.03,0,0.0,0.0,0.0,0,800,clear,sky is clear,01n
2019-01-10 03:00:00+01:00,Seville,279.22,279.22,279.22,1017,80,0.45,39,0.0,0.0,0.0,0,800,clear,sky is clear,01n
2019-01-10 04:00:00+01:00,Seville,278.59,278.59,278.59,1017,83,0.89,360,0.0,0.0,0.0,0,800,clear,sky is clear,01n
2019-01-10 05:00:00+01:00,Seville,278.28,278.28,278.28,1017,83,1.03,40,0.0,0.0,0.0,0,800,clear,sky is clear,01n
2019-01-10 06:00:00+01:00,Seville,278.27,278.27,278.27,1016,80,1.54,50,0.0,0.0,0.0,0,800,clear,sky is clear,01n
2019-01-10 07:00:00+01:00,Seville,277.59,277.59,277.59,1017,85,2.1,50,0.0,0.0,0.0,0,800,clear,sky is clear,01n
2019-01-10 08:00:00+01:00,Seville,277.98,277.98,277.98,1017,82,2.1,80,0.0,0.0,0.0,0,800,clear,sky is clear,01n
2019-01-10 09:00:00+01:00,Seville,278.36,278.36,278.36,1018,78,3.6,60,0.0,0.0,0.0,0,800,clear,sky is clear,01d
2019-01-10 10:00:00+01:00,Seville,280.46,280.46,280.46,1019,69,3.1,70,0.0,0.0,0.0,0,800,clear,sky is clear,01d
2019-01-10 11:00:00+01:00,Seville,282,282,282,1020,62,5.14,60,0.0,0.0,0.0,0,800,clear,sky is clear,01d
2019-01-10 12:00:00+01:00,Seville,283.86,283.86,283.86,1019,57,3.1,60,0.0,0.0,0.0,0,800,clear,sky is clear,01d
2019-01-10 13:00:00+01:00,Seville,286.24,286.24,286.24,1019,45,4.63,70,0.0,0.0,0.0,0,800,clear,sky is clear,01d
2019-01-10 14:00:00+01:00,Seville,287.59,287.59,287.59,1018,41,5.7,70,0.0,0.0,0.0,0,800,clear,sky is clear,01d
2019-01-10 15:00:00+01:00,Seville,288.59,288.59,288.59,1017,36,5.14,80,0.0,0.0,0.0,0,800,clear,sky is clear,01d
2019-01-10 16:00:00+01:00,Seville,289.55,289.55,289.55,1017,36,3.1,80,0.0,0.0,0.0,0,800,clear,sky is clear,01d
2019-01-10 17:00:00+01:00,Seville,289.44,289.44,289.44,1017,37,3.6,80,0.0,0.0,0.0,0,800,clear,sky is clear,01d
2019-01-10 18:00:00+01:00,Seville,288.68,288.68,288.68,1017,41,2.1,90,0.0,0.0,0.0,0,800,clear,sky is clear,01d
2019-01-10 19:00:00+01:00,Seville,287,287,287,1018,46,1.34,67,0.0,0.0,0.0,0,800,clear,sky is clear,01n
2019-01-10 20:00:00+01:00,Seville,285.39,285.39,285.39,1018,52,1.54,40,0.0,0.0,0.0,0,800,clear,sky is clear,01n
2019-01-10 21:00:00+01:00,Seville,284.03,284.03,284.03,1018,58,1.54,50,0.0,0.0,0.0,0,800,clear,sky is clear,01n
2019-01-10 22:00:00+01:00,Seville,282.82,282.82,282.82,1019,63,1.34,359,0.0,0.0,0.0,0,800,clear,sky is clear,01n
2019-01-10 23:00:00+01:00,Seville,282.06,282.06,282.06,1020,65,3.6,60,0.0,0.0,0.0,0,800,clear,sky is clear,01n
2019-01-11 00:00:00+01:00,Seville,282.1,282.1,282.1,1021,57,5.14,70,0.0,0.0,0.0,0,800,clear,sky is clear,01n
2019-01-11 01:00:00+01:00,Seville,281.35,281.35,281.35,1021,52,3.1,60,0.0,0.0,0.0,0,800,clear,sky is clear,01n
2019-01-11 02:00:00+01:00,Seville,280.17,280.17,280.17,1021,57,4.12,40,0.0,0.0,0.0,0,800,clear,sky is clear,01n
2019-01-11 03:00:00+01:00,Seville,279.39,279.39,279.39,1021,59,3.6,40,0.0,0.0,0.0,0,800,clear,sky is clear,01n
2019-01-11 04:00:00+01:00,Seville,279.06,279.06,279.06,1022,56,2.68,50,0.0,0.0,0.0,0,800,clear,sky is clear,01n
2019-01-11 05:00:00+01:00,Seville,278.54,278.54,278.54,1021,56,2.68,43,0.0,0.0,0.0,0,800,clear,sky is clear,01n
2019-01-11 06:00:00+01:00,Seville,278.92,278.92,278.92,1021,52,2.68,45,0.0,0.0,0.0,0,800,clear,sky is clear,01n
2019-01-11 07:00:00+01:00,Seville,277.61,277.61,277.61,1022,55,3.1,40,0.0,0.0,0.0,0,800,clear,sky is clear,01n
2019-01-11 08:00:00+01:00,Seville,277.05,277.05,277.05,1022,59,2.1,30,0.0,0.0,0.0,0,800,clear,sky is clear,01n
2019-01-11 09:00:00+01:00,Seville,277.93,277.93,277.93,1023,52,4.12,70,0.0,0.0,0.0,0,800,clear,sky is clear,01d
2019-01-11 10:00:00+01:00,Seville,279.71,279.71,279.71,1024,42,3.58,76,0.0,0.0,0.0,0,800,clear,sky is clear,01d
2019-01-11 11:00:00+01:00,Seville,281.21,281.21,281.21,1025,37,5.7,40,0.0,0.0,0.0,0,800,clear,sky is clear,01d
2019-01-11 12:00:00+01:00,Seville,282.49,282.49,282.49,1025,31,7.72,40,0.0,0.0,0.0,0,800,clear,sky is clear,01d
2019-01-11 13:00:00+01:00,Seville,283.77,283.77,283.77,1025,28,7.2,60,0.0,0.0,0.0,0,800,clear,sky is clear,01d
2019-01-11 14:00:00+01:00,Seville,284.67,284.67,284.67,1024,29,6.7,70,0.0,0.0,0.0,0,800,clear,sky is clear,01d
2019-01-11 15:00:00+01:00,Seville,285.63,285.63,285.63,1024,26,7.2,60,0.0,0.0,0.0,0,800,clear,sky is clear,01d
2019-01-11 16:00:00+01:00,Seville,286.72,286.72,286.72,1023,25,6.7,70,0.0,0.0,0.0,0,800,clear,sky is clear,01d
2019-01-11 17:00:00+01:00,Seville,286.72,286.72,286.72,1024,24,5.7,70,0.0,0.0,0.0,0,800,clear,sky is clear,01d
2019-01-11 18:00:00+01:00,Seville,286.07,286.07,286.07,1024,27,4.12,80,0.0,0.0,0.0,0,800,clear,sky is clear,01d
2019-01-11 19:00:00+01:00,Seville,284.93,284.93,284.93,1025,31,4.12,60,0.0,0.0,0.0,0,800,clear,sky is clear,01n
2019-01-11 20:00:00+01:00,Seville,283.68,283.68,283.68,1025,34,3.6,70,0.0,0.0,0.0,0,800,clear,sky is clear,01n
2019-01-11 21:00:00+01:00,Seville,282.63,282.63,282.63,1025,38,3.1,60,0.0,0.0,0.0,0,800,clear,sky is clear,01n
2019-01-11 22:00:00+01:00,Seville,281.24,281.24,281.24,1026,45,2.1,50,0.0,0.0,0.0,0,800,clear,sky is clear,01n
2019-01-11 23:00:00+01:00,Seville,280.19,280.19,280.19,1026,49,2.6,30,0.0,0.0,0.0,0,800,clear,sky is clear,01n
2019-01-12 00:00:00+01:00,Seville,279.62,279.62,279.62,1026,51,3.1,40,0.0,0.0,0.0,0,800,clear,sky is clear,01n
2019-01-12 01:00:00+01:00,Seville,279.44,279.44,279.44,1026,50,4.12,50,0.0,0.0,0.0,0,800,clear,sky is clear,01n
2019-01-12 02:00:00+01:00,Seville,279,279,279,1026,53,3.1,50,0.0,0.0,0.0,0,800,clear,sky is clear,01n
2019-01-12 03:00:00+01:00,Seville,278.94,278.94,278.94,1026,51,4.12,60,0.0,0.0,0.0,0,800,clear,sky is clear,01n
2019-01-12 04:00:00+01:00,Seville,278.88,278.88,278.88,1027,50,4.12,60,0.0,0.0,0.0,0,800,clear,sky is clear,01n
2019-01-12 05:00:00+01:00,Seville,278.69,278.69,278.69,1027,50,5.14,70,0.0,0.0,0.0,0,800,clear,sky is clear,01n
2019-01-12 06:00:00+01:00,Seville,278.44,278.44,278.44,1027,50,6.2,70,0.0,0.0,0.0,0,800,clear,sky is clear,01n
2019-01-12 07:00:00+01:00,Seville,277.88,277.88,277.88,1027,52,4.12,70,0.0,0.0,0.0,0,800,clear,sky is clear,01n
2019-01-12 08:00:00+01:00,Seville,277.63,277.63,277.63,1027,52,4.63,60,0.0,0.0,0.0,0,800,clear,sky is clear,01n
2019-01-12 09:00:00+01:00,Seville,276.99,276.99,276.99,1027,55,5.7,50,0.0,0.0,0.0,0,800,clear,sky is clear,01d
2019-01-12 10:00:00+01:00,Seville,277.84,277.84,277.84,1028,55,5.7,60,0.0,0.0,0.0,0,800,clear,sky is clear,01d
2019-01-12 11:00:00+01:00,Seville,280.64,280.64,280.64,1029,47,6.7,60,0.0,0.0,0.0,0,800,clear,sky is clear,01d
2019-01-12 12:00:00+01:00,Seville,282.82,282.82,282.82,1029,43,6.7,60,0.0,0.0,0.0,0,800,clear,sky is clear,01d
2019-01-12 13:00:00+01:00,Seville,284.82,284.82,284.82,1028,41,6.7,60,0.0,0.0,0.0,0,800,clear,sky is clear,01d
2019-01-12 14:00:00+01:00,Seville,285.96,285.96,285.96,1027,42,5.14,60,0.0,0.0,0.0,0,800,clear,sky is clear,01d
2019-01-12 15:00:00+01:00,Seville,287.44,287.44,287.44,1026,42,5.14,50,0.0,0.0,0.0,0,800,clear,sky is clear,01d
2019-01-12 16:00:00+01:00,Seville,287.67,287.67,287.67,1026,42,4.63,50,0.0,0.0,0.0,0,800,clear,sky is clear,01d
2019-01-12 17:00:00+01:00,Seville,288.1,288.1,288.1,1026,40,5.14,50,0.0,0.0,0.0,0,800,clear,sky is clear,01d
2019-01-12 18:00:00+01:00,Seville,287.34,287.34,287.34,1026,35,3.1,50,0.0,0.0,0.0,0,800,clear,sky is clear,01d
2019-01-12 19:00:00+01:00,Seville,285.79,285.79,285.79,1027,39,1.03,30,0.0,0.0,0.0,0,800,clear,sky is clear,01n
2019-01-12 20:00:00+01:00,Seville,284.53,284.53,284.53,1027,41,2.1,360,0.0,0.0,0.0,0,800,clear,sky is clear,01n
2019-01-12 21:00:00+01:00,Seville,283.51,283.51,283.51,1027,44,0.89,21,0.0,0.0,0.0,0,800,clear,sky is clear,01n
2019-01-12 22:00:00+01:00,Seville,282.6,282.6,282.6,1028,50,1.54,40,0.0,0.0,0.0,0,800,clear,sky is clear,01n
2019-01-12 23:00:00+01:00,Seville,281.2,281.2,281.2,1028,56,3.6,50,0.0,0.0,0.0,0,800,clear,sky is clear,01n
2019-01-13 00:00:00+01:00,Seville,280.07,280.07,280.07,1028,60,1.79,356,0.0,0.0,0.0,0,800,clear,sky is clear,01n
2019-01-13 01:00:00+01:00,Seville,279.8,279.8,279.8,1027,63,4.12,50,0.0,0.0,0.0,0,800,clear,sky is clear,01n
2019-01-13 02:00:00+01:00,Seville,279.61,279.61,279.61,1028,62,3.1,50,0.0,0.0,0.0,0,800,clear,sky is clear,01n
2019-01-13 03:00:00+01:00,Seville,278.86,278.86,278.86,1028,65,2.68,356,0.0,0.0,0.0,0,800,clear,sky is clear,01n
2019-01-13 04:00:00+01:00,Seville,278.41,278.41,278.41,1028,68,3.1,50,0.0,0.0,0.0,0,800,clear,sky is clear,01n
2019-01-13 05:00:00+01:00,Seville,277.18,277.18,277.18,1028,72,1.79,1,0.0,0.0,0.0,0,800,clear,sky is clear,01n
2019-01-13 06:00:00+01:00,Seville,277.23,277.23,277.23,1028,74,3.1,50,0.0,0.0,0.0,0,800,clear,sky is clear,01n
2019-01-13 07:00:00+01:00,Seville,276.54,276.54,276.54,1027,74,3.13,352,0.0,0.0,0.0,0,800,clear,sky is clear,01n
2019-01-13 08:00:00+01:00,Seville,276.23,276.23,276.23,1028,76,3.6,20,0.0,0.0,0.0,0,800,clear,sky is clear,01n
2019-01-13 09:00:00+01:00,Seville,276.02,276.02,276.02,1028,76,3.1,50,0.0,0.0,0.0,0,800,clear,sky is clear,01d
2019-01-13 10:00:00+01:00,Seville,277.92,277.92,277.92,1029,68,3.1,70,0.0,0.0,0.0,0,800,clear,sky is clear,01d
2019-01-13 11:00:00+01:00,Seville,280.45,280.45,280.45,1029,60,4.12,50,0.0,0.0,0.0,0,800,clear,sky is clear,01d
2019-01-13 12:00:00+01:00,Seville,282.54,282.54,282.54,1029,57,5.14,60,0.0,0.0,0.0,0,800,clear,sky is clear,01d
2019-01-13 13:00:00+01:00,Seville,285.32,285.32,285.32,1027,50,5.14,60,0.0,0.0,0.0,0,800,clear,sky is clear,01d
2019-01-13 14:00:00+01:00,Seville,287.91,287.91,287.91,1027,42,3.6,60,0.0,0.0,0.0,0,800,clear,sky is clear,01d
2019-01-13 15:00:00+01:00,Seville,289.18,289.18,289.18,1026,39,3.6,60,0.0,0.0,0.0,0,800,clear,sky is clear,01d
2019-01-13 16:00:00+01:00,Seville,290,290,290,1025,37,3.1,60,0.0,0.0,0.0,0,800,clear,sky is clear,01d
2019-01-13 17:00:00+01:00,Seville,289.84,289.84,289.84,1025,36,3.1,70,0.0,0.0,0.0,0,800,clear,sky is clear,01d
2019-01-13 18:00:00+01:00,Seville,289.52,289.52,289.52,1025,38,2.1,50,0.0,0.0,0.0,0,800,clear,sky is clear,01d
2019-01-13 19:00:00+01:00,Seville,287.23,287.23,287.23,1025,48,0,0,0.0,0.0,0.0,0,800,clear,sky is clear,01n
2019-01-13 20:00:00+01:00,Seville,285.3,285.3,285.3,1025,54,2.1,20,0.0,0.0,0.0,0,800,clear,sky is clear,01n
2019-01-13 21:00:00+01:00,Seville,284.16,284.16,284.16,1025,57,0.89,359,0.0,0.0,0.0,0,800,clear,sky is clear,01n
2019-01-13 22:00:00+01:00,Seville,282.86,282.86,282.86,1025,62,1.34,353,0.0,0.0,0.0,0,800,clear,sky is clear,01n
2019-01-13 23:00:00+01:00,Seville,281.69,281.69,281.69,1026,67,0.89,2,0.0,0.0,0.0,0,800,clear,sky is clear,01n
2019-01-14 00:00:00+01:00,Seville,281.2,281.2,281.2,1026,69,0.45,20,0.0,0.0,0.0,0,800,clear,sky is clear,01n
2019-01-14 01:00:00+01:00,Seville,280.36,280.36,280.36,1025,72,1.03,280,0.0,0.0,0.0,0,800,clear,sky is clear,01n
2019-01-14 02:00:00+01:00,Seville,279.51,279.51,279.51,1025,77,1.03,40,0.0,0.0,0.0,0,800,clear,sky is clear,01n
2019-01-14 03:00:00+01:00,Seville,278.82,278.82,278.82,1025,78,1.54,50,0.0,0.0,0.0,0,800,clear,sky is clear,01n
2019-01-14 04:00:00+01:00,Seville,278.68,278.68,278.68,1024,76,0.89,38,0.0,0.0,0.0,0,800,clear,sky is clear,01n
2019-01-14 05:00:00+01:00,Seville,278.09,278.09,278.09,1024,79,3.1,50,0.0,0.0,0.0,0,800,clear,sky is clear,01n
2019-01-14 06:00:00+01:00,Seville,277.52,277.52,277.52,1024,80,2.6,30,0.0,0.0,0.0,0,800,clear,sky is clear,01n
2019-01-14 07:00:00+01:00,Seville,276.95,276.95,276.95,1024,82,2.1,10,0.0,0.0,0.0,0,800,clear,sky is clear,01n
2019-01-14 08:00:00+01:00,Seville,276.71,276.71,276.71,1024,81,2.1,360,0.0,0.0,0.0,0,800,clear,sky is clear,01n
2019-01-14 09:00:00+01:00,Seville,276.93,276.93,276.93,1025,80,2.24,39,0.0,0.0,0.0,0,800,clear,sky is clear,01d
2019-01-14 10:00:00+01:00,Seville,278.54,278.54,278.54,1025,74,4.12,30,0.0,0.0,0.0,0,800,clear,sky is clear,01d
2019-01-14 11:00:00+01:00,Seville,280.26,280.26,280.26,1025,68,4.12,20,0.0,0.0,0.0,0,800,clear,sky is clear,01d
2019-01-14 12:00:00+01:00,Seville,282.9,282.9,282.9,1025,61,3.1,50,0.0,0.0,0.0,0,800,clear,sky is clear,01d
2019-01-14 13:00:00+01:00,Seville,285.37,285.37,285.37,1024,54,2.6,40,0.0,0.0,0.0,0,800,clear,sky is clear,01d
2019-01-14 14:00:00+01:00,Seville,287.44,287.44,287.44,1023,46,1.03,0,0.0,0.0,0.0,0,800,clear,sky is clear,01d
2019-01-14 15:00:00+01:00,Seville,288.63,288.63,288.63,1022,41,1.03,0,0.0,0.0,0.0,0,800,clear,sky is clear,01d
2019-01-14 16:00:00+01:00,Seville,290.23,290.23,290.23,1021,41,2.1,240,0.0,0.0,0.0,0,800,clear,sky is clear,01d
2019-01-14 17:00:00+01:00,Seville,290.53,290.53,290.53,1020,40,1.54,250,0.0,0.0,0.0,0,800,clear,sky is clear,01d
2019-01-14 18:00:00+01:00,Seville,288.92,288.92,288.92,1020,51,2.1,220,0.0,0.0,0.0,0,800,clear,sky is clear,01d
2019-01-14 19:00:00+01:00,Seville,286.77,286.77,286.77,1020,60,2.6,210,0.0,0.0,0.0,0,800,clear,sky is clear,01n
2019-01-14 20:00:00+01:00,Seville,285.58,285.58,285.58,1021,64,3.1,210,0.0,0.0,0.0,0,800,clear,sky is clear,01n
2019-01-14 21:00:00+01:00,Seville,284.86,284.86,284.86,1020,65,3.6,200,0.0,0.0,0.0,0,800,clear,sky is clear,01n
2019-01-14 22:00:00+01:00,Seville,283.02,283.02,283.02,1020,73,1.54,170,0.0,0.0,0.0,0,800,clear,sky is clear,01n
2019-01-14 23:00:00+01:00,Seville,281.97,281.97,281.97,1021,78,1.03,0,0.0,0.0,0.0,0,800,clear,sky is clear,01n
2019-01-15 00:00:00+01:00,Seville,281.07,281.07,281.07,1021,84,2.1,160,0.0,0.0,0.0,0,800,clear,sky is clear,01n
2019-01-15 01:00:00+01:00,Seville,280.84,280.84,280.84,1020,85,0,0,0.0,0.0,0.0,0,800,clear,sky is clear,01n
2019-01-15 02:00:00+01:00,Seville,279.76,279.76,279.76,1020,85,0.51,0,0.0,0.0,0.0,0,800,clear,sky is clear,01n
2019-01-15 03:00:00+01:00,Seville,279.04,279.04,279.04,1020,85,0.45,2,0.0,0.0,0.0,0,800,clear,sky is clear,01n
2019-01-15 04:00:00+01:00,Seville,278.68,278.68,278.68,1020,88,0.45,360,0.0,0.0,0.0,0,800,clear,sky is clear,01n
2019-01-15 05:00:00+01:00,Seville,278.16,278.16,278.16,1020,87,0.89,1,0.0,0.0,0.0,0,800,clear,sky is clear,01n
2019-01-15 06:00:00+01:00,Seville,277.73,277.73,277.73,1019,85,0.89,1,0.0,0.0,0.0,0,800,clear,sky is clear,01n
2019-01-15 07:00:00+01:00,Seville,277.63,277.63,277.63,1020,87,1.03,0,0.0,0.0,0.0,40,802,clouds,scattered clouds,03n
2019-01-15 08:00:00+01:00,Seville,277.94,277.94,277.94,1020,85,1.54,360,0.0,0.0,0.0,75,803,clouds,broken clouds,04n
2019-01-15 09:00:00+01:00,Seville,277.96,277.96,277.96,1021,87,1.03,0,0.0,0.0,0.0,75,803,clouds,broken clouds,04d
2019-01-15 10:00:00+01:00,Seville,278.5,278.5,278.5,1021,83,1.34,343,0.0,0.0,0.0,40,802,clouds,scattered clouds,03d
2019-01-15 11:00:00+01:00,Seville,279.86,279.86,279.86,1022,80,1.54,30,0.0,0.0,0.0,20,801,clouds,few clouds,02d
2019-01-15 12:00:00+01:00,Seville,282.03,282.03,282.03,1022,77,1.54,0,0.0,0.0,0.0,0,800,clear,sky is clear,01d
2019-01-15 13:00:00+01:00,Seville,284.98,284.98,284.98,1021,71,1.03,0,0.0,0.0,0.0,0,800,clear,sky is clear,01d
2019-01-15 14:00:00+01:00,Seville,286.55,286.55,286.55,1020,69,2.1,30,0.0,0.0,0.0,0,800,clear,sky is clear,01d
2019-01-15 15:00:00+01:00,Seville,286.88,286.88,286.88,1020,70,3.1,10,0.0,0.0,0.0,0,800,clear,sky is clear,01d
2019-01-15 16:00:00+01:00,Seville,286.74,286.74,286.74,1020,69,2.6,40,0.0,0.0,0.0,0,800,clear,sky is clear,01d
2019-01-15 17:00:00+01:00,Seville,286.73,286.73,286.73,1020,67,2.1,40,0.0,0.0,0.0,0,800,clear,sky is clear,01d
2019-01-15 18:00:00+01:00,Seville,285.71,285.71,285.71,1020,71,1.54,30,0.0,0.0,0.0,0,800,clear,sky is clear,01d
2019-01-15 19:00:00+01:00,Seville,284.54,284.54,284.54,1020,75,1.03,80,0.0,0.0,0.0,0,800,clear,sky is clear,01n
2019-01-15 20:00:00+01:00,Seville,283.71,283.71,283.71,1020,79,1.03,120,0.0,0.0,0.0,0,800,clear,sky is clear,01n
2019-01-15 21:00:00+01:00,Seville,283.17,283.17,283.17,1021,81,2.1,120,0.0,0.0,0.0,0,800,clear,sky is clear,01n
2019-01-15 22:00:00+01:00,Seville,282.32,282.32,282.32,1021,84,1.03,120,0.0,0.0,0.0,0,701,mist,mist,50n
2019-01-15 23:00:00+01:00,Seville,281.58,281.58,281.58,1021,84,0.45,35,0.0,0.0,0.0,0,701,mist,mist,50n
2019-01-16 00:00:00+01:00,Seville,280.69,280.69,280.69,1021,87,0.89,338,0.0,0.0,0.0,0,800,clear,sky is clear,01n
2019-01-16 01:00:00+01:00,Seville,280.03,280.03,280.03,1021,88,1.03,0,0.0,0.0,0.0,0,701,mist,mist,50n
2019-01-16 02:00:00+01:00,Seville,279.54,279.54,279.54,1021,89,0.89,13,0.0,0.0,0.0,0,701,mist,mist,50n
2019-01-16 03:00:00+01:00,Seville,279.41,279.41,279.41,1021,89,1.54,30,0.0,0.0,0.0,0,701,mist,mist,50n
2019-01-16 04:00:00+01:00,Seville,279.13,279.13,279.13,1021,89,1.03,0,0.0,0.0,0.0,0,701,mist,mist,50n
2019-01-16 05:00:00+01:00,Seville,278.78,278.78,278.78,1020,89,1.54,350,0.0,0.0,0.0,0,701,mist,mist,50n
2019-01-16 06:00:00+01:00,Seville,278.53,278.53,278.53,1019,88,0.89,24,0.0,0.0,0.0,0,701,mist,mist,50n
2019-01-16 07:00:00+01:00,Seville,278.49,278.49,278.49,1019,88,1.54,10,0.0,0.0,0.0,40,701,mist,mist,50n
2019-01-16 08:00:00+01:00,Seville,278.64,278.64,278.64,1019,88,2.1,20,0.0,0.0,0.0,40,802,clouds,scattered clouds,03n
2019-01-16 09:00:00+01:00,Seville,278.8,278.8,278.8,1020,90,2.1,50,0.0,0.0,0.0,40,802,clouds,scattered clouds,03d
2019-01-16 10:00:00+01:00,Seville,279.06,279.06,279.06,1021,89,1.34,354,0.0,0.0,0.0,40,802,clouds,scattered clouds,03d
2019-01-16 11:00:00+01:00,Seville,281.16,281.16,281.16,1021,84,2.6,30,0.0,0.0,0.0,0,800,clear,sky is clear,01d
2019-01-16 12:00:00+01:00,Seville,283.31,283.31,283.31,1021,78,2.1,30,0.0,0.0,0.0,0,800,clear,sky is clear,01d
2019-01-16 13:00:00+01:00,Seville,286.03,286.03,286.03,1020,71,1.54,0,0.0,0.0,0.0,0,800,clear,sky is clear,01d
2019-01-16 14:00:00+01:00,Seville,287.09,287.09,287.09,1019,67,1.03,0,0.0,0.0,0.0,40,802,clouds,scattered clouds,03d
2019-01-16 15:00:00+01:00,Seville,288.92,288.92,288.92,1018,61,1.03,0,0.0,0.0,0.0,20,801,clouds,few clouds,02d
2019-01-16 16:00:00+01:00,Seville,289.29,289.29,289.29,1018,59,1.54,340,0.0,0.0,0.0,20,801,clouds,few clouds,02d
2019-01-16 17:00:00+01:00,Seville,289.52,289.52,289.52,1017,59,0.51,0,0.0,0.0,0.0,20,801,clouds,few clouds,02d
2019-01-16 18:00:00+01:00,Seville,288.56,288.56,288.56,1017,60,0.45,179,0.0,0.0,0.0,20,801,clouds,few clouds,02d
2019-01-16 19:00:00+01:00,Seville,287.27,287.27,287.27,1018,65,0.45,236,0.0,0.0,0.0,20,801,clouds,few clouds,02n
2019-01-16 20:00:00+01:00,Seville,286.66,286.66,286.66,1018,67,1.54,220,0.0,0.0,0.0,20,801,clouds,few clouds,02n
2019-01-16 21:00:00+01:00,Seville,286.26,286.26,286.26,1018,70,1.03,120,0.0,0.0,0.0,0,800,clear,sky is clear,01n
2019-01-16 22:00:00+01:00,Seville,285.93,285.93,285.93,1018,72,0.51,0,0.0,0.0,0.0,20,801,clouds,few clouds,02n
2019-01-16 23:00:00+01:00,Seville,285.35,285.35,285.35,1018,75,2.6,70,0.0,0.0,0.0,20,801,clouds,few clouds,02n
2019-01-17 00:00:00+01:00,Seville,284.87,284.87,284.87,1018,76,1.54,70,0.0,0.0,0.0,40,802,clouds,scattered clouds,03n
2019-01-17 01:00:00+01:00,Seville,284.41,284.41,284.41,1018,79,0.45,323,0.0,0.0,0.0,75,803,clouds,broken clouds,04n
2019-01-17 02:00:00+01:00,Seville,283.92,283.92,283.92,1018,79,1.54,360,0.0,0.0,0.0,20,801,clouds,few clouds,02n
2019-01-17 03:00:00+01:00,Seville,282.39,282.39,282.39,1018,83,2.1,40,0.0,0.0,0.0,0,800,clear,sky is clear,01n
2019-01-17 04:00:00+01:00,Seville,281.51,281.51,281.51,1018,86,2.1,40,0.0,0.0,0.0,0,800,clear,sky is clear,01n
2019-01-17 05:00:00+01:00,Seville,281.1,281.1,281.1,1017,86,1.54,50,0.0,0.0,0.0,0,800,clear,sky is clear,01n
2019-01-17 06:00:00+01:00,Seville,280.9,280.9,280.9,1017,85,0.89,56,0.0,0.0,0.0,0,800,clear,sky is clear,01n
2019-01-17 07:00:00+01:00,Seville,280.51,280.51,280.51,1017,84,2.1,30,0.0,0.0,0.0,20,801,clouds,few clouds,02n
2019-01-17 08:00:00+01:00,Seville,279.96,279.96,279.96,1018,85,1.79,46,0.0,0.0,0.0,20,801,clouds,few clouds,02n
2019-01-17 09:00:00+01:00,Seville,280.33,280.33,280.33,1018,85,1.54,70,0.0,0.0,0.0,20,801,clouds,few clouds,02d
2019-01-17 10:00:00+01:00,Seville,280.91,280.91,280.91,1019,84,2.1,70,0.0,0.0,0.0,0,800,clear,sky is clear,01d
2019-01-17 11:00:00+01:00,Seville,282.61,282.61,282.61,1019,77,1.34,355,0.0,0.0,0.0,0,800,clear,sky is clear,01d
2019-01-17 12:00:00+01:00,Seville,283.62,283.62,283.62,1020,74,1.54,0,0.0,0.0,0.0,0,800,clear,sky is clear,01d
2019-01-17 13:00:00+01:00,Seville,284.93,284.93,284.93,1019,69,2.1,20,0.0,0.0,0.0,0,800,clear,sky is clear,01d
2019-01-17 14:00:00+01:00,Seville,287.1,287.1,287.1,1018,63,1.54,0,0.0,0.0,0.0,0,800,clear,sky is clear,01d
2019-01-17 15:00:00+01:00,Seville,287.44,287.44,287.44,1017,63,2.1,20,0.0,0.0,0.0,0,800,clear,sky is clear,01d
2019-01-17 16:00:00+01:00,Seville,287.35,287.35,287.35,1017,65,1.03,0,0.0,0.0,0.0,20,801,clouds,few clouds,02d
2019-01-17 17:00:00+01:00,Seville,288.11,288.11,288.11,1017,62,2.1,290,0.0,0.0,0.0,0,800,clear,sky is clear,01d
2019-01-17 18:00:00+01:00,Seville,287.83,287.83,287.83,1017,61,2.1,260,0.0,0.0,0.0,0,800,clear,sky is clear,01d
2019-01-17 19:00:00+01:00,Seville,286.75,286.75,286.75,1017,67,1.03,90,0.0,0.0,0.0,20,801,clouds,few clouds,02n
2019-01-17 20:00:00+01:00,Seville,286.65,286.65,286.65,1018,69,0.45,65,0.0,0.0,0.0,20,801,clouds,few clouds,02n
2019-01-17 21:00:00+01:00,Seville,286.09,286.09,286.09,1018,70,0.45,325,0.0,0.0,0.0,20,801,clouds,few clouds,02n
2019-01-17 22:00:00+01:00,Seville,285.37,285.37,285.37,1018,72,2.6,30,0.0,0.0,0.0,0,800,clear,sky is clear,01n
2019-01-17 23:00:00+01:00,Seville,284.06,284.06,284.06,1019,77,1.54,40,0.0,0.0,0.0,0,800,clear,sky is clear,01n
2019-01-18 00:00:00+01:00,Seville,283.26,283.26,283.26,1020,77,2.6,30,0.0,0.0,0.0,0,800,clear,sky is clear,01n
2019-01-18 01:00:00+01:00,Seville,283,283,283,1019,74,2.1,40,0.0,0.0,0.0,0,800,clear,sky is clear,01n
2019-01-18 02:00:00+01:00,Seville,282.27,282.27,282.27,1019,77,1.34,7,0.0,0.0,0.0,0,800,clear,sky is clear,01n
2019-01-18 03:00:00+01:00,Seville,281.25,281.25,281.25,1019,81,1.54,290,0.0,0.0,0.0,0,800,clear,sky is clear,01n
2019-01-18 04:00:00+01:00,Seville,281.17,281.17,281.17,1019,81,1.34,359,0.0,0.0,0.0,0,800,clear,sky is clear,01n
2019-01-18 05:00:00+01:00,Seville,280.92,280.92,280.92,1019,80,1.34,360,0.0,0.0,0.0,0,800,clear,sky is clear,01n
2019-01-18 06:00:00+01:00,Seville,280.45,280.45,280.45,1019,81,0.89,10,0.0,0.0,0.0,0,800,clear,sky is clear,01n
2019-01-18 07:00:00+01:00,Seville,279.98,279.98,279.98,1019,83,1.79,359,0.0,0.0,0.0,0,800,clear,sky is clear,01n
2019-01-18 08:00:00+01:00,Seville,279.67,279.67,279.67,1020,84,2.1,20,0.0,0.0,0.0,0,800,clear,sky is clear,01n
2019-01-18 09:00:00+01:00,Seville,279.41,279.41,279.41,1020,84,1.34,29,0.0,0.0,0.0,0,800,clear,sky is clear,01d
2019-01-18 10:00:00+01:00,Seville,280.67,280.67,280.67,1021,80,1.54,30,0.0,0.0,0.0,0,800,clear,sky is clear,01d
2019-01-18 11:00:00+01:00,Seville,282.08,282.08,282.08,1021,73,2.1,30,0.0,0.0,0.0,0,800,clear,sky is clear,01d
2019-01-18 12:00:00+01:00,Seville,284.06,284.06,284.06,1022,65,2.6,40,0.0,0.0,0.0,0,800,clear,sky is clear,01d
2019-01-18 13:00:00+01:00,Seville,286.01,286.01,286.01,1021,57,1.54,0,0.0,0.0,0.0,0,800,clear,sky is clear,01d
2019-01-18 14:00:00+01:00,Seville,286.99,286.99,286.99,1020,52,1.03,0,0.0,0.0,0.0,0,800,clear,sky is clear,01d
2019-01-18 15:00:00+01:00,Seville,287.77,287.77,287.77,1019,50,0.89,289,0.0,0.0,0.0,0,800,clear,sky is clear,01d
2019-01-18 16:00:00+01:00,Seville,289.16,289.16,289.16,1019,45,3.1,260,0.0,0.0,0.0,0,800,clear,sky is clear,01d
2019-01-18 17:00:00+01:00,Seville,288.47,288.47,288.47,1019,48,1.54,230,0.0,0.0,0.0,0,800,clear,sky is clear,01d
2019-01-18 18:00:00+01:00,Seville,288.23,288.23,288.23,1019,53,3.1,220,0.0,0.0,0.0,0,800,clear,sky is clear,01d
2019-01-18 19:00:00+01:00,Seville,287.31,287.31,287.31,1019,55,2.6,210,0.0,0.0,0.0,0,800,clear,sky is clear,01n
2019-01-18 20:00:00+01:00,Seville,286.58,286.58,286.58,1019,53,3.1,240,0.0,0.0,0.0,0,800,clear,sky is clear,01n
2019-01-18 21:00:00+01:00,Seville,286.02,286.02,286.02,1019,52,2.6,260,0.0,0.0,0.0,0,800,clear,sky is clear,01n
2019-01-18 22:00:00+01:00,Seville,286.19,286.19,286.19,1019,54,3.6,290,0.0,0.0,0.0,0,800,clear,sky is clear,01n
2019-01-18 23:00:00+01:00,Seville,285.12,285.12,285.12,1020,61,3.6,290,0.0,0.0,0.0,20,801,clouds,few clouds,02n
2019-01-19 00:00:00+01:00,Seville,284.73,284.73,284.73,1020,67,0.45,283,0.0,0.0,0.0,75,500,rain,light rain,10n
2019-01-19 01:00:00+01:00,Seville,284.13,284.13,284.13,1019,72,2.6,270,0.0,0.0,0.0,40,802,clouds,scattered clouds,03n
2019-01-19 02:00:00+01:00,Seville,282.65,282.65,282.65,1019,83,2.6,270,0.51,0.0,0.0,20,500,rain,light rain,10n
2019-01-19 03:00:00+01:00,Seville,282.17,282.17,282.17,1019,90,1.54,270,0.76,0.0,0.0,100,500,rain,light rain,10n
2019-01-19 04:00:00+01:00,Seville,282.06,282.06,282.06,1019,93,0,0,0.51,0.0,0.0,100,701,mist,mist,50n
2019-01-19 05:00:00+01:00,Seville,282.06,282.06,282.06,1018,94,1.54,80,0.68,0.0,0.0,100,500,rain,light rain,10n
2019-01-19 06:00:00+01:00,Seville,281.81,281.81,281.81,1018,95,2.1,40,0.45,0.0,0.0,100,500,rain,light rain,10n
2019-01-19 07:00:00+01:00,Seville,281.85,281.85,281.85,1018,95,2.6,60,0.25,0.0,0.0,100,500,rain,light rain,10n
2019-01-19 08:00:00+01:00,Seville,282.06,282.06,282.06,1018,95,3.1,30,0.0,0.0,0.0,100,701,mist,mist,50n
2019-01-19 09:00:00+01:00,Seville,281.73,281.73,281.73,1019,95,2.1,30,0.0,0.0,0.0,100,701,mist,mist,50d
2019-01-19 10:00:00+01:00,Seville,281.85,281.85,281.85,1019,95,2.1,80,0.0,0.0,0.0,100,701,mist,mist,50d
2019-01-19 11:00:00+01:00,Seville,282.57,282.57,282.57,1020,93,1.54,280,0.0,0.0,0.0,75,803,clouds,broken clouds,04d
2019-01-19 12:00:00+01:00,Seville,282.98,282.98,282.98,1020,91,0,0,0.0,0.0,0.0,75,803,clouds,broken clouds,04d
2019-01-19 13:00:00+01:00,Seville,283.46,283.46,283.46,1019,88,1.54,270,0.0,0.0,0.0,100,804,clouds,overcast clouds,04d
2019-01-19 14:00:00+01:00,Seville,283.75,283.75,283.75,1019,87,2.1,240,0.0,0.0,0.0,100,804,clouds,overcast clouds,04d
2019-01-19 15:00:00+01:00,Seville,284.2,284.2,284.2,1018,86,2.1,240,0.12,0.0,0.0,75,500,rain,light rain,10d
2019-01-19 16:00:00+01:00,Seville,284.6,284.6,284.6,1017,88,2.6,210,0.18,0.0,0.0,75,500,rain,light rain,10d
2019-01-19 17:00:00+01:00,Seville,284.39,284.39,284.39,1017,90,2.1,210,0.25,0.0,0.0,75,500,rain,light rain,10d
2019-01-19 18:00:00+01:00,Seville,284.39,284.39,284.39,1016,92,2.6,190,0.11,0.0,0.0,75,500,rain,light rain,10d
2019-01-19 19:00:00+01:00,Seville,284.67,284.67,284.67,1015,92,2.6,180,0.25,0.0,0.0,75,500,rain,light rain,10n
2019-01-19 20:00:00+01:00,Seville,285,285,285,1015,92,3.6,180,0.75,0.0,0.0,75,500,rain,light rain,10n
2019-01-19 21:00:00+01:00,Seville,285.48,285.48,285.48,1014,93,4.12,220,0.38,0.0,0.0,75,501,rain,moderate rain,10n
2019-01-19 22:00:00+01:00,Seville,285.93,285.93,285.93,1013,95,3.58,205,2.92,0.0,0.0,40,501,rain,moderate rain,10n
2019-01-19 23:00:00+01:00,Seville,286.33,286.33,286.33,1012,93,7.2,220,0.64,0.0,0.0,75,500,rain,light rain,10n
2019-01-20 00:00:00+01:00,Seville,286.49,286.49,286.49,1012,93,5.7,240,0.38,0.0,0.0,75,500,rain,light rain,10n
2019-01-20 01:00:00+01:00,Seville,286.13,286.13,286.13,1012,92,3.6,270,0.25,0.0,0.0,40,500,rain,light rain,10n
2019-01-20 02:00:00+01:00,Seville,285.85,285.85,285.85,1012,92,2.1,240,0.0,0.0,0.0,0,800,clear,sky is clear,01n
2019-01-20 03:00:00+01:00,Seville,285.23,285.23,285.23,1012,92,3.6,220,0.0,0.0,0.0,0,800,clear,sky is clear,01n
2019-01-20 04:00:00+01:00,Seville,285.19,285.19,285.19,1012,93,4.12,220,0.0,0.0,0.0,40,802,clouds,scattered clouds,03n
2019-01-20 05:00:00+01:00,Seville,284.88,284.88,284.88,1011,93,4.63,230,0.81,0.0,0.0,40,500,rain,light rain,10n
2019-01-20 06:00:00+01:00,Seville,285.19,285.19,285.19,1011,91,3.6,240,0.0,0.0,0.0,20,801,clouds,few clouds,02n
2019-01-20 07:00:00+01:00,Seville,285.28,285.28,285.28,1011,92,3.1,240,0.25,0.0,0.0,40,500,rain,light rain,10n
2019-01-20 08:00:00+01:00,Seville,285.68,285.68,285.68,1012,83,6.7,280,0.0,0.0,0.0,20,801,clouds,few clouds,02n
2019-01-20 09:00:00+01:00,Seville,285.23,285.23,285.23,1012,82,5.14,290,0.0,0.0,0.0,20,801,clouds,few clouds,02d
2019-01-20 10:00:00+01:00,Seville,285.24,285.24,285.24,1013,81,4.12,270,0.0,0.0,0.0,75,803,clouds,broken clouds,04d
2019-01-20 11:00:00+01:00,Seville,287.02,287.02,287.02,1014,72,4.12,300,0.0,0.0,0.0,20,801,clouds,few clouds,02d
2019-01-20 12:00:00+01:00,Seville,287.9,287.9,287.9,1015,66,4.12,340,0.0,0.0,0.0,40,802,clouds,scattered clouds,03d
2019-01-20 13:00:00+01:00,Seville,288.73,288.73,288.73,1015,59,4.12,360,0.0,0.0,0.0,40,802,clouds,scattered clouds,03d
2019-01-20 14:00:00+01:00,Seville,289.11,289.11,289.11,1015,57,4.47,340,0.0,0.0,0.0,40,802,clouds,scattered clouds,03d
2019-01-20 15:00:00+01:00,Seville,289.44,289.44,289.44,1014,53,5.7,10,0.0,0.0,0.0,75,803,clouds,broken clouds,04d
2019-01-20 16:00:00+01:00,Seville,289.29,289.29,289.29,1015,54,3.6,360,0.0,0.0,0.0,40,802,clouds,scattered clouds,03d
2019-01-20 17:00:00+01:00,Seville,289.84,289.84,289.84,1015,51,4.12,350,0.0,0.0,0.0,20,801,clouds,few clouds,02d
2019-01-20 18:00:00+01:00,Seville,288.75,288.75,288.75,1016,54,5.14,340,0.0,0.0,0.0,0,800,clear,sky is clear,01d
2019-01-20 19:00:00+01:00,Seville,287.17,287.17,287.17,1016,58,4.63,330,0.0,0.0,0.0,0,800,clear,sky is clear,01n
2019-01-20 20:00:00+01:00,Seville,286.15,286.15,286.15,1017,61,2.6,310,0.0,0.0,0.0,0,800,clear,sky is clear,01n
2019-01-20 21:00:00+01:00,Seville,285.69,285.69,285.69,1017,62,1.34,360,0.0,0.0,0.0,0,800,clear,sky is clear,01n
2019-01-20 22:00:00+01:00,Seville,284.52,284.52,284.52,1018,67,1.54,300,0.0,0.0,0.0,0,800,clear,sky is clear,01n
2019-01-20 23:00:00+01:00,Seville,284.12,284.12,284.12,1019,69,1.34,332,0.0,0.0,0.0,0,800,clear,sky is clear,01n
2019-01-21 00:00:00+01:00,Seville,283.42,283.42,283.42,1019,71,1.03,0,0.0,0.0,0.0,0,800,clear,sky is clear,01n
2019-01-21 01:00:00+01:00,Seville,282.78,282.78,282.78,1020,74,1.34,327,0.0,0.0,0.0,0,800,clear,sky is clear,01n
2019-01-21 02:00:00+01:00,Seville,282.46,282.46,282.46,1019,73,1.79,22,0.0,0.0,0.0,0,800,clear,sky is clear,01n
2019-01-21 03:00:00+01:00,Seville,281.95,281.95,281.95,1019,74,1.03,140,0.0,0.0,0.0,0,800,clear,sky is clear,01n
2019-01-21 04:00:00+01:00,Seville,281.5,281.5,281.5,1020,75,0.89,28,0.0,0.0,0.0,0,800,clear,sky is clear,01n
2019-01-21 05:00:00+01:00,Seville,280.81,280.81,280.81,1019,79,1.03,150,0.0,0.0,0.0,0,800,clear,sky is clear,01n
2019-01-21 06:00:00+01:00,Seville,279.7,279.7,279.7,1019,83,0.45,204,0.0,0.0,0.0,0,800,clear,sky is clear,01n
2019-01-21 07:00:00+01:00,Seville,278.67,278.67,278.67,1020,88,1.54,150,0.0,0.0,0.0,0,800,clear,sky is clear,01n
2019-01-21 08:00:00+01:00,Seville,278.44,278.44,278.44,1020,89,0,0,0.0,0.0,0.0,0,800,clear,sky is clear,01n
2019-01-21 09:00:00+01:00,Seville,278.83,278.83,278.83,1021,88,1.54,330,0.0,0.0,0.0,0,741,fog,fog,50d
2019-01-21 10:00:00+01:00,Seville,280.89,280.89,280.89,1021,82,0.89,344,0.0,0.0,0.0,0,800,clear,sky is clear,01d
2019-01-21 11:00:00+01:00,Seville,282.56,282.56,282.56,1022,75,2.1,50,0.0,0.0,0.0,0,800,clear,sky is clear,01d
2019-01-21 12:00:00+01:00,Seville,284.26,284.26,284.26,1022,67,2.6,40,0.0,0.0,0.0,0,800,clear,sky is clear,01d
2019-01-21 13:00:00+01:00,Seville,285.51,285.51,285.51,1022,61,1.54,0,0.0,0.0,0.0,0,800,clear,sky is clear,01d
2019-01-21 14:00:00+01:00,Seville,286.83,286.83,286.83,1021,55,1.54,0,0.0,0.0,0.0,0,800,clear,sky is clear,01d
2019-01-21 15:00:00+01:00,Seville,287.75,287.75,287.75,1021,50,1.03,0,0.0,0.0,0.0,0,800,clear,sky is clear,01d
2019-01-21 16:00:00+01:00,Seville,289.05,289.05,289.05,1020,43,1.54,70,0.0,0.0,0.0,20,801,clouds,few clouds,02d
2019-01-21 17:00:00+01:00,Seville,289.19,289.19,289.19,1020,42,1.03,160,0.0,0.0,0.0,20,801,clouds,few clouds,02d
2019-01-21 18:00:00+01:00,Seville,289.23,289.23,289.23,1020,43,1.03,250,0.0,0.0,0.0,0,800,clear,sky is clear,01d
2019-01-21 19:00:00+01:00,Seville,286.8,286.8,286.8,1020,54,0.45,240,0.0,0.0,0.0,0,800,clear,sky is clear,01n
2019-01-21 20:00:00+01:00,Seville,285.63,285.63,285.63,1021,59,1.03,270,0.0,0.0,0.0,0,800,clear,sky is clear,01n
2019-01-21 21:00:00+01:00,Seville,284.98,284.98,284.98,1021,62,1.54,10,0.0,0.0,0.0,0,800,clear,sky is clear,01n
2019-01-21 22:00:00+01:00,Seville,283.52,283.52,283.52,1022,71,0.89,342,0.0,0.0,0.0,0,800,clear,sky is clear,01n
2019-01-21 23:00:00+01:00,Seville,283.07,283.07,283.07,1022,70,0.89,329,0.0,0.0,0.0,0,800,clear,sky is clear,01n
2019-01-22 00:00:00+01:00,Seville,282.45,282.45,282.45,1023,73,1.79,347,0.0,0.0,0.0,0,800,clear,sky is clear,01n
2019-01-22 01:00:00+01:00,Seville,282.16,282.16,282.16,1023,73,0.89,331,0.0,0.0,0.0,0,800,clear,sky is clear,01n
2019-01-22 02:00:00+01:00,Seville,281.02,281.02,281.02,1022,76,0,0,0.0,0.0,0.0,0,800,clear,sky is clear,01n
2019-01-22 03:00:00+01:00,Seville,280.97,280.97,280.97,1022,75,1.54,130,0.0,0.0,0.0,0,800,clear,sky is clear,01n
2019-01-22 04:00:00+01:00,Seville,280.14,280.14,280.14,1022,79,1.34,2,0.0,0.0,0.0,0,800,clear,sky is clear,01n
2019-01-22 05:00:00+01:00,Seville,279.22,279.22,279.22,1022,81,0.89,9,0.0,0.0,0.0,0,800,clear,sky is clear,01n
2019-01-22 06:00:00+01:00,Seville,278.9,278.9,278.9,1022,84,1.03,160,0.0,0.0,0.0,0,800,clear,sky is clear,01n
2019-01-22 07:00:00+01:00,Seville,278.08,278.08,278.08,1022,85,0,0,0.0,0.0,0.0,0,800,clear,sky is clear,01n
2019-01-22 08:00:00+01:00,Seville,277.77,277.77,277.77,1022,90,0.45,235,0.0,0.0,0.0,0,800,clear,sky is clear,01n
2019-01-22 09:00:00+01:00,Seville,277.23,277.23,277.23,1022,90,1.34,182,0.0,0.0,0.0,0,701,mist,mist,50d
2019-01-22 10:00:00+01:00,Seville,278.63,278.63,278.63,1022,89,1.03,0,0.0,0.0,0.0,0,800,clear,sky is clear,01d
2019-01-22 11:00:00+01:00,Seville,280.32,280.32,280.32,1023,85,1.54,210,0.0,0.0,0.0,0,800,clear,sky is clear,01d
2019-01-22 12:00:00+01:00,Seville,282.19,282.19,282.19,1022,78,1.54,0,0.0,0.0,0.0,0,800,clear,sky is clear,01d
2019-01-22 13:00:00+01:00,Seville,285.61,285.61,285.61,1022,60,3.6,290,0.0,0.0,0.0,0,800,clear,sky is clear,01d
2019-01-22 14:00:00+01:00,Seville,287.04,287.04,287.04,1021,53,6.7,300,0.0,0.0,0.0,40,802,clouds,scattered clouds,03d
2019-01-22 15:00:00+01:00,Seville,286.96,286.96,286.96,1020,52,7.2,310,0.0,0.0,0.0,40,802,clouds,scattered clouds,03d
2019-01-22 16:00:00+01:00,Seville,287.38,287.38,287.38,1020,54,6.7,310,0.0,0.0,0.0,20,801,clouds,few clouds,02d
2019-01-22 17:00:00+01:00,Seville,287.21,287.21,287.21,1019,57,6.7,300,0.0,0.0,0.0,20,801,clouds,few clouds,02d
2019-01-22 18:00:00+01:00,Seville,286.66,286.66,286.66,1019,62,3.6,270,0.0,0.0,0.0,20,801,clouds,few clouds,02d
2019-01-22 19:00:00+01:00,Seville,286.01,286.01,286.01,1019,65,3.6,260,0.0,0.0,0.0,20,801,clouds,few clouds,02n
2019-01-22 20:00:00+01:00,Seville,285.41,285.41,285.41,1020,70,4.63,270,0.0,0.0,0.0,0,800,clear,sky is clear,01n
2019-01-22 21:00:00+01:00,Seville,285.2,285.2,285.2,1020,71,5.14,260,0.0,0.0,0.0,20,801,clouds,few clouds,02n
2019-01-22 22:00:00+01:00,Seville,284.76,284.76,284.76,1019,77,4.63,260,0.0,0.0,0.0,40,802,clouds,scattered clouds,03n
2019-01-22 23:00:00+01:00,Seville,284.76,284.76,284.76,1019,80,5.7,270,0.0,0.0,0.0,40,802,clouds,scattered clouds,03n
2019-01-23 00:00:00+01:00,Seville,284.4,284.4,284.4,1018,82,4.12,260,0.0,0.0,0.0,20,801,clouds,few clouds,02n
2019-01-23 01:00:00+01:00,Seville,283.95,283.95,283.95,1018,86,4.12,250,0.0,0.0,0.0,0,800,clear,sky is clear,01n
2019-01-23 02:00:00+01:00,Seville,283.73,283.73,283.73,1018,86,3.6,270,0.0,0.0,0.0,33,802,clouds,scattered clouds,03n
2019-01-23 03:00:00+01:00,Seville,283.85,283.85,283.85,1018,79,2.6,310,0.0,0.0,0.0,0,800,clear,sky is clear,01n
2019-01-23 04:00:00+01:00,Seville,283.84,283.84,283.84,1017,77,3.6,270,0.0,0.0,0.0,0,800,clear,sky is clear,01n
2019-01-23 05:00:00+01:00,Seville,284.03,284.03,284.03,1017,75,3.6,270,0.0,0.0,0.0,0,800,clear,sky is clear,01n
2019-01-23 06:00:00+01:00,Seville,283.78,283.78,283.78,1017,76,4.12,280,0.0,0.0,0.0,0,800,clear,sky is clear,01n
2019-01-23 07:00:00+01:00,Seville,283.49,283.49,283.49,1017,77,2.6,250,0.0,0.0,0.0,0,800,clear,sky is clear,01n
2019-01-23 08:00:00+01:00,Seville,282.78,282.78,282.78,1017,80,4.12,260,0.0,0.0,0.0,0,800,clear,sky is clear,01n
2019-01-23 09:00:00+01:00,Seville,282.69,282.69,282.69,1017,81,3.1,270,0.0,0.0,0.0,0,800,clear,sky is clear,01d
2019-01-23 10:00:00+01:00,Seville,285.01,285.01,285.01,1017,75,3.1,240,0.0,0.0,0.0,0,800,clear,sky is clear,01d
2019-01-23 11:00:00+01:00,Seville,286.49,286.49,286.49,1017,70,3.6,280,0.0,0.0,0.0,20,801,clouds,few clouds,02d
2019-01-23 12:00:00+01:00,Seville,288.28,288.28,288.28,1017,60,7.72,330,0.0,0.0,0.0,40,802,clouds,scattered clouds,03d
2019-01-23 13:00:00+01:00,Seville,289.01,289.01,289.01,1016,58,8.23,320,0.0,0.0,0.0,20,801,clouds,few clouds,02d
2019-01-23 14:00:00+01:00,Seville,289.47,289.47,289.47,1015,57,7.2,300,0.0,0.0,0.0,20,801,clouds,few clouds,02d
2019-01-23 15:00:00+01:00,Seville,289.51,289.51,289.51,1015,59,9.8,310,0.0,0.0,0.0,40,802,clouds,scattered clouds,03d
2019-01-23 16:00:00+01:00,Seville,289.76,289.76,289.76,1015,58,8.8,320,0.0,0.0,0.0,75,803,clouds,broken clouds,04d
2019-01-23 17:00:00+01:00,Seville,289.85,289.85,289.85,1015,56,8.23,310,0.0,0.0,0.0,40,802,clouds,scattered clouds,03d
2019-01-23 18:00:00+01:00,Seville,289.2,289.2,289.2,1014,60,5.7,300,0.0,0.0,0.0,20,801,clouds,few clouds,02d
2019-01-23 19:00:00+01:00,Seville,288.67,288.67,288.67,1014,62,6.2,290,0.0,0.0,0.0,20,801,clouds,few clouds,02n
2019-01-23 20:00:00+01:00,Seville,287.86,287.86,287.86,1014,66,4.12,250,0.0,0.0,0.0,0,800,clear,sky is clear,01n
2019-01-23 21:00:00+01:00,Seville,287.14,287.14,287.14,1014,70,3.6,250,0.0,0.0,0.0,0,800,clear,sky is clear,01n
2019-01-23 22:00:00+01:00,Seville,286.78,286.78,286.78,1014,71,3.1,250,0.0,0.0,0.0,0,800,clear,sky is clear,01n
2019-01-23 23:00:00+01:00,Seville,285.78,285.78,285.78,1014,77,2.6,240,0.0,0.0,0.0,20,801,clouds,few clouds,02n
2019-01-24 00:00:00+01:00,Seville,285.23,285.23,285.23,1014,80,5.14,200,0.0,0.0,0.0,20,801,clouds,few clouds,02n
2019-01-24 01:00:00+01:00,Seville,285.24,285.24,285.24,1014,80,6.2,220,0.0,0.0,0.0,20,801,clouds,few clouds,02n
2019-01-24 02:00:00+01:00,Seville,284.76,284.76,284.76,1014,84,3.6,230,0.0,0.0,0.0,20,801,clouds,few clouds,02n
2019-01-24 03:00:00+01:00,Seville,284.39,284.39,284.39,1014,85,4.12,230,0.0,0.0,0.0,0,800,clear,sky is clear,01n
2019-01-24 04:00:00+01:00,Seville,283.75,283.75,283.75,1013,89,4.63,230,0.0,0.0,0.0,20,801,clouds,few clouds,02n
2019-01-24 05:00:00+01:00,Seville,284.12,284.12,284.12,1012,87,4.12,220,0.0,0.0,0.0,20,801,clouds,few clouds,02n
2019-01-24 06:00:00+01:00,Seville,283.75,283.75,283.75,1012,88,4.12,230,0.0,0.0,0.0,20,801,clouds,few clouds,02n
2019-01-24 07:00:00+01:00,Seville,282.86,282.86,282.86,1012,91,5.14,210,0.0,0.0,0.0,0,800,clear,sky is clear,01n
2019-01-24 08:00:00+01:00,Seville,282.59,282.59,282.59,1013,91,3.6,220,0.0,0.0,0.0,20,801,clouds,few clouds,02n
2019-01-24 09:00:00+01:00,Seville,282.61,282.61,282.61,1013,91,3.1,220,0.0,0.0,0.0,20,801,clouds,few clouds,02d
2019-01-24 10:00:00+01:00,Seville,283.77,283.77,283.77,1013,91,2.1,230,0.0,0.0,0.0,40,802,clouds,scattered clouds,03d
2019-01-24 11:00:00+01:00,Seville,286.72,286.72,286.72,1014,81,2.1,260,0.0,0.0,0.0,0,800,clear,sky is clear,01d
2019-01-24 12:00:00+01:00,Seville,288.48,288.48,288.48,1014,73,1.54,0,0.0,0.0,0.0,40,802,clouds,scattered clouds,03d
2019-01-24 13:00:00+01:00,Seville,289.49,289.49,289.49,1013,67,2.1,230,0.0,0.0,0.0,75,803,clouds,broken clouds,04d
2019-01-24 14:00:00+01:00,Seville,290.31,290.31,290.31,1013,64,2.6,220,0.0,0.0,0.0,40,802,clouds,scattered clouds,03d
2019-01-24 15:00:00+01:00,Seville,290.99,290.99,290.99,1012,61,4.12,230,0.0,0.0,0.0,20,801,clouds,few clouds,02d
2019-01-24 16:00:00+01:00,Seville,292.12,292.12,292.12,1012,59,2.6,220,0.0,0.0,0.0,20,801,clouds,few clouds,02d
2019-01-24 17:00:00+01:00,Seville,292.13,292.13,292.13,1012,58,2.68,177,0.0,0.0,0.0,0,800,clear,sky is clear,01d
2019-01-24 18:00:00+01:00,Seville,291.41,291.41,291.41,1013,63,3.1,220,0.0,0.0,0.0,0,800,clear,sky is clear,01d
2019-01-24 19:00:00+01:00,Seville,290,290,290,1013,70,2.1,220,0.0,0.0,0.0,0,800,clear,sky is clear,01n
2019-01-24 20:00:00+01:00,Seville,288.81,288.81,288.81,1013,74,2.1,190,0.0,0.0,0.0,0,800,clear,sky is clear,01n
2019-01-24 21:00:00+01:00,Seville,287.57,287.57,287.57,1014,80,2.6,170,0.0,0.0,0.0,0,800,clear,sky is clear,01n
2019-01-24 22:00:00+01:00,Seville,286.38,286.38,286.38,1014,85,1.03,0,0.0,0.0,0.0,0,800,clear,sky is clear,01n
2019-01-24 23:00:00+01:00,Seville,285.73,285.73,285.73,1015,89,1.03,0,0.0,0.0,0.0,0,800,clear,sky is clear,01n
2019-01-25 00:00:00+01:00,Seville,284.9,284.9,284.9,1015,90,1.03,0,0.0,0.0,0.0,0,701,mist,mist,50n
2019-01-25 01:00:00+01:00,Seville,284.25,284.25,284.25,1015,90,1.54,140,0.0,0.0,0.0,0,701,mist,mist,50n
2019-01-25 02:00:00+01:00,Seville,283.77,283.77,283.77,1015,93,0,0,0.0,0.0,0.0,0,800,clear,sky is clear,01n
2019-01-25 03:00:00+01:00,Seville,283.06,283.06,283.06,1015,90,1.34,5,0.0,0.0,0.0,100,701,mist,mist,50n
2019-01-25 04:00:00+01:00,Seville,282.79,282.79,282.79,1016,94,1.54,120,0.0,0.0,0.0,100,741,fog,fog,50n
2019-01-25 05:00:00+01:00,Seville,283.14,283.14,283.14,1016,94,1.03,90,0.0,0.0,0.0,100,741,fog,fog,50n
2019-01-25 06:00:00+01:00,Seville,282.42,282.42,282.42,1016,95,1.34,351,0.25,0.0,0.0,100,741,fog,fog,50n
2019-01-25 07:00:00+01:00,Seville,281.58,281.58,281.58,1016,95,2.1,30,0.0,0.0,0.0,100,741,fog,fog,50n
2019-01-25 08:00:00+01:00,Seville,281.38,281.38,281.38,1016,94,2.6,50,0.0,0.0,0.0,100,741,fog,fog,50n
2019-01-25 09:00:00+01:00,Seville,281.27,281.27,281.27,1017,94,2.6,50,0.0,0.0,0.0,100,741,fog,fog,50d
2019-01-25 10:00:00+01:00,Seville,283.01,283.01,283.01,1017,91,2.6,50,0.0,0.0,0.0,0,701,mist,mist,50d
2019-01-25 11:00:00+01:00,Seville,284.56,284.56,284.56,1018,83,3.1,50,0.0,0.0,0.0,0,800,clear,sky is clear,01d
2019-01-25 12:00:00+01:00,Seville,286.46,286.46,286.46,1018,77,2.6,20,0.0,0.0,0.0,0,800,clear,sky is clear,01d
2019-01-25 13:00:00+01:00,Seville,289.24,289.24,289.24,1018,71,4.12,80,0.0,0.0,0.0,0,800,clear,sky is clear,01d
2019-01-25 14:00:00+01:00,Seville,291.48,291.48,291.48,1017,56,3.1,50,0.0,0.0,0.0,0,800,clear,sky is clear,01d
2019-01-25 15:00:00+01:00,Seville,292.24,292.24,292.24,1017,49,3.6,70,0.0,0.0,0.0,0,800,clear,sky is clear,01d
2019-01-25 16:00:00+01:00,Seville,293.13,293.13,293.13,1017,48,3.6,60,0.0,0.0,0.0,0,800,clear,sky is clear,01d
2019-01-25 17:00:00+01:00,Seville,293.37,293.37,293.37,1016,47,2.6,80,0.0,0.0,0.0,0,800,clear,sky is clear,01d
2019-01-25 18:00:00+01:00,Seville,293.16,293.16,293.16,1016,49,2.1,70,0.0,0.0,0.0,0,800,clear,sky is clear,01d
2019-01-25 19:00:00+01:00,Seville,291.78,291.78,291.78,1016,54,3.1,60,0.0,0.0,0.0,0,800,clear,sky is clear,01n
2019-01-25 20:00:00+01:00,Seville,289.94,289.94,289.94,1017,60,3.1,70,0.0,0.0,0.0,0,800,clear,sky is clear,01n
2019-01-25 21:00:00+01:00,Seville,288.67,288.67,288.67,1017,64,2.6,90,0.0,0.0,0.0,0,800,clear,sky is clear,01n
2019-01-25 22:00:00+01:00,Seville,287.53,287.53,287.53,1018,68,1.54,310,0.0,0.0,0.0,0,800,clear,sky is clear,01n
2019-01-25 23:00:00+01:00,Seville,286.64,286.64,286.64,1018,71,1.54,10,0.0,0.0,0.0,0,800,clear,sky is clear,01n
2019-01-26 00:00:00+01:00,Seville,285.78,285.78,285.78,1018,73,1.03,40,0.0,0.0,0.0,0,800,clear,sky is clear,01n
2019-01-26 01:00:00+01:00,Seville,284.61,284.61,284.61,1019,76,1.34,6,0.0,0.0,0.0,0,800,clear,sky is clear,01n
2019-01-26 02:00:00+01:00,Seville,283.81,283.81,283.81,1019,78,1.03,0,0.0,0.0,0.0,0,800,clear,sky is clear,01n
2019-01-26 03:00:00+01:00,Seville,283.14,283.14,283.14,1019,80,0.89,330,0.0,0.0,0.0,0,800,clear,sky is clear,01n
2019-01-26 04:00:00+01:00,Seville,282.7,282.7,282.7,1019,80,1.54,330,0.0,0.0,0.0,0,800,clear,sky is clear,01n
2019-01-26 05:00:00+01:00,Seville,282.15,282.15,282.15,1019,82,1.54,300,0.0,0.0,0.0,0,800,clear,sky is clear,01n
2019-01-26 06:00:00+01:00,Seville,282.07,282.07,282.07,1019,82,1.34,34,0.0,0.0,0.0,0,800,clear,sky is clear,01n
2019-01-26 07:00:00+01:00,Seville,281.62,281.62,281.62,1019,83,3.1,50,0.0,0.0,0.0,0,800,clear,sky is clear,01n
2019-01-26 08:00:00+01:00,Seville,280.78,280.78,280.78,1020,83,2.6,300,0.0,0.0,0.0,0,800,clear,sky is clear,01n
2019-01-26 09:00:00+01:00,Seville,280.83,280.83,280.83,1020,85,2.24,0,0.0,0.0,0.0,0,800,clear,sky is clear,01d
2019-01-26 10:00:00+01:00,Seville,282.23,282.23,282.23,1020,80,2.6,40,0.0,0.0,0.0,0,800,clear,sky is clear,01d
2019-01-26 11:00:00+01:00,Seville,284.44,284.44,284.44,1021,72,2.1,40,0.0,0.0,0.0,0,800,clear,sky is clear,01d
2019-01-26 12:00:00+01:00,Seville,286.79,286.79,286.79,1021,63,3.6,50,0.0,0.0,0.0,0,800,clear,sky is clear,01d
2019-01-26 13:00:00+01:00,Seville,289.84,289.84,289.84,1020,49,4.12,60,0.0,0.0,0.0,0,800,clear,sky is clear,01d
2019-01-26 14:00:00+01:00,Seville,290.93,290.93,290.93,1020,46,3.6,70,0.0,0.0,0.0,0,800,clear,sky is clear,01d
2019-01-26 15:00:00+01:00,Seville,292.12,292.12,292.12,1019,40,2.24,62,0.0,0.0,0.0,0,800,clear,sky is clear,01d
2019-01-26 16:00:00+01:00,Seville,293.53,293.53,293.53,1018,37,1.03,70,0.0,0.0,0.0,0,800,clear,sky is clear,01d
2019-01-26 17:00:00+01:00,Seville,294.16,294.16,294.16,1018,36,0.89,221,0.0,0.0,0.0,0,800,clear,sky is clear,01d
2019-01-26 18:00:00+01:00,Seville,293.09,293.09,293.09,1018,39,2.68,166,0.0,0.0,0.0,0,800,clear,sky is clear,01d
2019-01-26 19:00:00+01:00,Seville,289.57,289.57,289.57,1018,61,4.12,230,0.0,0.0,0.0,0,800,clear,sky is clear,01n
2019-01-26 20:00:00+01:00,Seville,287.7,287.7,287.7,1019,76,4.12,220,0.0,0.0,0.0,0,800,clear,sky is clear,01n
2019-01-26 21:00:00+01:00,Seville,286.83,286.83,286.83,1019,83,2.6,210,0.0,0.0,0.0,0,800,clear,sky is clear,01n
2019-01-26 22:00:00+01:00,Seville,285.94,285.94,285.94,1019,87,1.54,220,0.0,0.0,0.0,0,800,clear,sky is clear,01n
2019-01-26 23:00:00+01:00,Seville,285.13,285.13,285.13,1019,90,2.6,210,0.0,0.0,0.0,0,701,mist,mist,50n
2019-01-27 00:00:00+01:00,Seville,285.48,285.48,285.48,1019,95,3.6,220,0.0,0.0,0.0,100,741,fog,fog,50n
2019-01-27 01:00:00+01:00,Seville,285.2,285.2,285.2,1019,95,3.09,190,0.0,0.0,0.0,40,701,mist,mist,50n
2019-01-27 02:00:00+01:00,Seville,284.76,284.76,284.76,1018,96,2.1,210,0.0,0.0,0.0,100,741,fog,fog,50n
2019-01-27 03:00:00+01:00,Seville,284.47,284.47,284.47,1019,96,1.54,250,0.0,0.0,0.0,100,701,mist,mist,50n
2019-01-27 04:00:00+01:00,Seville,284.57,284.57,284.57,1018,95,0.45,199,0.0,0.0,0.0,100,741,fog,fog,50n
2019-01-27 05:00:00+01:00,Seville,283.71,283.71,283.71,1018,94,1.34,1,0.0,0.0,0.0,100,741,fog,fog,50n
2019-01-27 06:00:00+01:00,Seville,284.03,284.03,284.03,1017,95,2.1,220,0.0,0.0,0.0,100,741,fog,fog,50n
2019-01-27 07:00:00+01:00,Seville,283.66,283.66,283.66,1017,96,4.12,230,0.0,0.0,0.0,100,741,fog,fog,50n
2019-01-27 08:00:00+01:00,Seville,281.85,281.85,281.85,1018,96,2.1,320,0.0,0.0,0.0,100,741,fog,fog,50n
2019-01-27 09:00:00+01:00,Seville,281.03,281.03,281.03,1018,96,1.54,310,0.0,0.0,0.0,75,701,mist,mist,50d
2019-01-27 10:00:00+01:00,Seville,281.36,281.36,281.36,1019,93,2.6,300,0.0,0.0,0.0,40,802,clouds,scattered clouds,03d
2019-01-27 11:00:00+01:00,Seville,283.26,283.26,283.26,1020,82,1.54,310,0.0,0.0,0.0,0,800,clear,sky is clear,01d
2019-01-27 12:00:00+01:00,Seville,285.62,285.62,285.62,1020,69,0.51,270,0.0,0.0,0.0,0,800,clear,sky is clear,01d
2019-01-27 13:00:00+01:00,Seville,287.84,287.84,287.84,1020,63,2.6,220,0.0,0.0,0.0,0,800,clear,sky is clear,01d
2019-01-27 14:00:00+01:00,Seville,289.76,289.76,289.76,1018,57,2.6,240,0.0,0.0,0.0,20,801,clouds,few clouds,02d
2019-01-27 15:00:00+01:00,Seville,289.39,289.39,289.39,1018,53,7.72,330,0.0,0.0,0.0,20,801,clouds,few clouds,02d
2019-01-27 16:00:00+01:00,Seville,289.92,289.92,289.92,1018,49,6.7,320,0.0,0.0,0.0,20,801,clouds,few clouds,02d
2019-01-27 17:00:00+01:00,Seville,289.64,289.64,289.64,1019,50,7.2,330,0.0,0.0,0.0,20,801,clouds,few clouds,02d
2019-01-27 18:00:00+01:00,Seville,288.83,288.83,288.83,1019,50,7.2,310,0.0,0.0,0.0,20,801,clouds,few clouds,02d
2019-01-27 19:00:00+01:00,Seville,287.48,287.48,287.48,1019,55,3.1,340,0.0,0.0,0.0,0,800,clear,sky is clear,01n
2019-01-27 20:00:00+01:00,Seville,286.58,286.58,286.58,1020,58,3.6,290,0.0,0.0,0.0,0,800,clear,sky is clear,01n
2019-01-27 21:00:00+01:00,Seville,285.52,285.52,285.52,1020,63,3.1,270,0.0,0.0,0.0,0,800,clear,sky is clear,01n
2019-01-27 22:00:00+01:00,Seville,285.27,285.27,285.27,1021,62,4.12,290,0.0,0.0,0.0,0,800,clear,sky is clear,01n
2019-01-27 23:00:00+01:00,Seville,283.8,283.8,283.8,1021,69,2.1,270,0.0,0.0,0.0,0,800,clear,sky is clear,01n
2019-01-28 00:00:00+01:00,Seville,283.45,283.45,283.45,1021,70,3.1,310,0.0,0.0,0.0,0,800,clear,sky is clear,01n
2019-01-28 01:00:00+01:00,Seville,283,283,283,1022,70,1.79,273,0.0,0.0,0.0,0,800,clear,sky is clear,01n
2019-01-28 02:00:00+01:00,Seville,282.17,282.17,282.17,1022,74,1.79,263,0.0,0.0,0.0,0,800,clear,sky is clear,01n
2019-01-28 03:00:00+01:00,Seville,282.28,282.28,282.28,1022,73,2.1,250,0.0,0.0,0.0,0,800,clear,sky is clear,01n
2019-01-28 04:00:00+01:00,Seville,282.18,282.18,282.18,1022,74,2.1,230,0.0,0.0,0.0,0,800,clear,sky is clear,01n
2019-01-28 05:00:00+01:00,Seville,281.2,281.2,281.2,1022,78,1.34,273,0.0,0.0,0.0,0,800,clear,sky is clear,01n
2019-01-28 06:00:00+01:00,Seville,280.53,280.53,280.53,1022,80,0.89,274,0.0,0.0,0.0,0,800,clear,sky is clear,01n
2019-01-28 07:00:00+01:00,Seville,279.43,279.43,279.43,1023,84,0.45,309,0.0,0.0,0.0,0,800,clear,sky is clear,01n
2019-01-28 08:00:00+01:00,Seville,279.15,279.15,279.15,1023,84,1.54,140,0.0,0.0,0.0,0,800,clear,sky is clear,01n
2019-01-28 09:00:00+01:00,Seville,278.43,278.43,278.43,1023,89,3.1,170,0.0,0.0,0.0,0,800,clear,sky is clear,01d
2019-01-28 10:00:00+01:00,Seville,279.97,279.97,279.97,1024,83,2.6,210,0.0,0.0,0.0,0,800,clear,sky is clear,01d
2019-01-28 11:00:00+01:00,Seville,282.79,282.79,282.79,1023,74,2.6,200,0.0,0.0,0.0,0,800,clear,sky is clear,01d
2019-01-28 12:00:00+01:00,Seville,284.56,284.56,284.56,1023,67,3.6,230,0.0,0.0,0.0,0,800,clear,sky is clear,01d
2019-01-28 13:00:00+01:00,Seville,286.63,286.63,286.63,1023,61,3.1,210,0.0,0.0,0.0,0,800,clear,sky is clear,01d
2019-01-28 14:00:00+01:00,Seville,287.81,287.81,287.81,1022,58,4.63,230,0.0,0.0,0.0,0,800,clear,sky is clear,01d
2019-01-28 15:00:00+01:00,Seville,289.32,289.32,289.32,1021,56,5.7,230,0.0,0.0,0.0,0,800,clear,sky is clear,01d
2019-01-28 16:00:00+01:00,Seville,290.73,290.73,290.73,1021,54,5.14,230,0.0,0.0,0.0,20,801,clouds,few clouds,02d
2019-01-28 17:00:00+01:00,Seville,289.96,289.96,289.96,1021,54,8.8,330,0.0,0.0,0.0,20,801,clouds,few clouds,02d
2019-01-28 18:00:00+01:00,Seville,289.2,289.2,289.2,1021,57,7.2,320,0.0,0.0,0.0,20,801,clouds,few clouds,02d
2019-01-28 19:00:00+01:00,Seville,288.24,288.24,288.24,1021,59,3.6,290,0.0,0.0,0.0,40,802,clouds,scattered clouds,03n
2019-01-28 20:00:00+01:00,Seville,287.07,287.07,287.07,1022,64,2.6,280,0.0,0.0,0.0,20,801,clouds,few clouds,02n
2019-01-28 21:00:00+01:00,Seville,285.84,285.84,285.84,1022,73,2.6,240,0.0,0.0,0.0,20,801,clouds,few clouds,02n
2019-01-28 22:00:00+01:00,Seville,285.18,285.18,285.18,1022,77,1.79,259,0.0,0.0,0.0,0,800,clear,sky is clear,01n
2019-01-28 23:00:00+01:00,Seville,284.65,284.65,284.65,1022,81,2.1,240,0.0,0.0,0.0,0,800,clear,sky is clear,01n
2019-01-29 00:00:00+01:00,Seville,283.91,283.91,283.91,1021,84,2.6,230,0.0,0.0,0.0,0,800,clear,sky is clear,01n
2019-01-29 01:00:00+01:00,Seville,283.59,283.59,283.59,1021,85,3.1,230,0.0,0.0,0.0,0,800,clear,sky is clear,01n
2019-01-29 02:00:00+01:00,Seville,283.47,283.47,283.47,1021,85,3.13,254,0.0,0.0,0.0,0,800,clear,sky is clear,01n
2019-01-29 03:00:00+01:00,Seville,282.95,282.95,282.95,1021,87,2.6,220,0.0,0.0,0.0,0,800,clear,sky is clear,01n
2019-01-29 04:00:00+01:00,Seville,282.85,282.85,282.85,1021,87,1.34,231,0.0,0.0,0.0,0,800,clear,sky is clear,01n
2019-01-29 05:00:00+01:00,Seville,282.48,282.48,282.48,1021,88,0.89,285,0.0,0.0,0.0,0,800,clear,sky is clear,01n
2019-01-29 06:00:00+01:00,Seville,282.06,282.06,282.06,1021,88,0.89,292,0.0,0.0,0.0,0,800,clear,sky is clear,01n
2019-01-29 07:00:00+01:00,Seville,280.84,280.84,280.84,1021,91,1.03,0,0.0,0.0,0.0,0,800,clear,sky is clear,01n
2019-01-29 08:00:00+01:00,Seville,280.16,280.16,280.16,1021,93,1.03,140,0.0,0.0,0.0,0,741,fog,fog,50n
2019-01-29 09:00:00+01:00,Seville,280.03,280.03,280.03,1022,94,1.03,140,0.0,0.0,0.0,20,741,fog,fog,50d
2019-01-29 10:00:00+01:00,Seville,281.84,281.84,281.84,1022,92,2.1,170,0.0,0.0,0.0,0,701,mist,mist,50d
2019-01-29 11:00:00+01:00,Seville,283.95,283.95,283.95,1022,85,2.6,190,0.0,0.0,0.0,0,800,clear,sky is clear,01d
2019-01-29 12:00:00+01:00,Seville,286.7,286.7,286.7,1022,69,3.6,250,0.0,0.0,0.0,0,800,clear,sky is clear,01d
2019-01-29 13:00:00+01:00,Seville,287.62,287.62,287.62,1022,69,4.63,280,0.0,0.0,0.0,40,802,clouds,scattered clouds,03d
2019-01-29 14:00:00+01:00,Seville,288.84,288.84,288.84,1020,62,5.7,300,0.0,0.0,0.0,75,803,clouds,broken clouds,04d
2019-01-29 15:00:00+01:00,Seville,288.93,288.93,288.93,1019,64,6.2,270,0.0,0.0,0.0,75,803,clouds,broken clouds,04d
2019-01-29 16:00:00+01:00,Seville,289.6,289.6,289.6,1019,63,7.2,270,0.0,0.0,0.0,75,803,clouds,broken clouds,04d
2019-01-29 17:00:00+01:00,Seville,289.6,289.6,289.6,1018,60,7.72,290,0.0,0.0,0.0,75,803,clouds,broken clouds,04d
2019-01-29 18:00:00+01:00,Seville,289.18,289.18,289.18,1018,61,5.7,290,0.0,0.0,0.0,0,800,clear,sky is clear,01d
2019-01-29 19:00:00+01:00,Seville,287.86,287.86,287.86,1018,67,2.6,250,0.0,0.0,0.0,20,801,clouds,few clouds,02n
2019-01-29 20:00:00+01:00,Seville,287.12,287.12,287.12,1018,69,4.63,260,0.0,0.0,0.0,20,801,clouds,few clouds,02n
2019-01-29 21:00:00+01:00,Seville,286.94,286.94,286.94,1019,72,4.63,260,0.0,0.0,0.0,40,802,clouds,scattered clouds,03n
2019-01-29 22:00:00+01:00,Seville,286.11,286.11,286.11,1019,75,5.14,270,0.0,0.0,0.0,40,802,clouds,scattered clouds,03n
2019-01-29 23:00:00+01:00,Seville,285.5,285.5,285.5,1019,78,3.1,260,0.0,0.0,0.0,40,802,clouds,scattered clouds,03n
2019-01-30 00:00:00+01:00,Seville,285.23,285.23,285.23,1019,80,4.12,260,0.0,0.0,0.0,75,803,clouds,broken clouds,04n
2019-01-30 01:00:00+01:00,Seville,284.95,284.95,284.95,1018,81,5.14,260,0.0,0.0,0.0,75,803,clouds,broken clouds,04n
2019-01-30 02:00:00+01:00,Seville,284.68,284.68,284.68,1018,82,3.1,240,0.0,0.0,0.0,20,801,clouds,few clouds,02n
2019-01-30 03:00:00+01:00,Seville,284.59,284.59,284.59,1017,84,3.6,240,0.0,0.0,0.0,75,803,clouds,broken clouds,04n
2019-01-30 04:00:00+01:00,Seville,284.6,284.6,284.6,1017,84,5.14,230,0.0,0.0,0.0,40,802,clouds,scattered clouds,03n
2019-01-30 05:00:00+01:00,Seville,284.92,284.92,284.92,1016,87,4.63,240,0.0,0.0,0.0,40,802,clouds,scattered clouds,03n
2019-01-30 06:00:00+01:00,Seville,285.4,285.4,285.4,1016,88,5.14,260,0.0,0.0,0.0,40,802,clouds,scattered clouds,03n
2019-01-30 07:00:00+01:00,Seville,285.01,285.01,285.01,1016,90,2.68,257,0.0,0.0,0.0,0,800,clear,sky is clear,01n
2019-01-30 08:00:00+01:00,Seville,285.17,285.17,285.17,1017,86,3.6,260,0.0,0.0,0.0,0,800,clear,sky is clear,01n
2019-01-30 09:00:00+01:00,Seville,284.88,284.88,284.88,1017,84,3.6,280,0.0,0.0,0.0,0,800,clear,sky is clear,01d
2019-01-30 10:00:00+01:00,Seville,284.95,284.95,284.95,1018,83,2.6,290,0.0,0.0,0.0,0,800,clear,sky is clear,01d
2019-01-30 11:00:00+01:00,Seville,285.88,285.88,285.88,1018,75,3.1,280,0.0,0.0,0.0,0,800,clear,sky is clear,01d
2019-01-30 12:00:00+01:00,Seville,286.55,286.55,286.55,1018,68,3.6,280,0.0,0.0,0.0,0,800,clear,sky is clear,01d
2019-01-30 13:00:00+01:00,Seville,287.78,287.78,287.78,1017,64,3.1,300,0.0,0.0,0.0,0,800,clear,sky is clear,01d
2019-01-30 14:00:00+01:00,Seville,287.79,287.79,287.79,1016,64,3.6,250,0.0,0.0,0.0,0,800,clear,sky is clear,01d
2019-01-30 15:00:00+01:00,Seville,287.68,287.68,287.68,1016,68,4.63,240,0.0,0.0,0.0,20,801,clouds,few clouds,02d
2019-01-30 16:00:00+01:00,Seville,286.49,286.49,286.49,1015,79,5.14,240,0.0,0.0,0.0,20,801,clouds,few clouds,02d
2019-01-30 17:00:00+01:00,Seville,286.3,286.3,286.3,1015,82,4.12,230,0.0,0.0,0.0,40,500,rain,light rain,10d
2019-01-30 18:00:00+01:00,Seville,285.86,285.86,285.86,1015,88,4.12,220,0.51,0.0,0.0,75,500,rain,light rain,10d
2019-01-30 19:00:00+01:00,Seville,285.09,285.09,285.09,1015,93,2.6,210,0.45,0.0,0.0,75,500,rain,light rain,10n
2019-01-30 20:00:00+01:00,Seville,285.25,285.25,285.25,1014,94,2.6,200,0.25,0.0,0.0,75,500,rain,light rain,10n
2019-01-30 21:00:00+01:00,Seville,285.24,285.24,285.24,1014,94,3.6,210,0.13,0.0,0.0,40,300,Drizzle,light intensity drizzle,09n
2019-01-30 22:00:00+01:00,Seville,285.72,285.72,285.72,1014,95,3.6,230,0.0,0.0,0.0,75,803,clouds,broken clouds,04n
2019-01-30 23:00:00+01:00,Seville,286.21,286.21,286.21,1014,95,3.6,240,0.0,0.0,0.0,75,803,clouds,broken clouds,04n
2019-01-31 00:00:00+01:00,Seville,286.49,286.49,286.49,1013,93,4.12,230,0.25,0.0,0.0,40,500,rain,light rain,10n
2019-01-31 01:00:00+01:00,Seville,286.21,286.21,286.21,1013,94,4.63,230,0.0,0.0,0.0,40,802,clouds,scattered clouds,03n
2019-01-31 02:00:00+01:00,Seville,286.3,286.3,286.3,1012,92,4.63,240,0.0,0.0,0.0,75,803,clouds,broken clouds,04n
2019-01-31 03:00:00+01:00,Seville,286.49,286.49,286.49,1012,90,4.63,240,0.0,0.0,0.0,75,803,clouds,broken clouds,04n
2019-01-31 04:00:00+01:00,Seville,286.69,286.69,286.69,1012,91,4.12,230,0.0,0.0,0.0,75,803,clouds,broken clouds,04n
2019-01-31 05:00:00+01:00,Seville,286.61,286.61,286.61,1011,91,4.63,220,0.0,0.0,0.0,75,803,clouds,broken clouds,04n
2019-01-31 06:00:00+01:00,Seville,286.69,286.69,286.69,1011,91,5.14,220,0.0,0.0,0.0,75,803,clouds,broken clouds,04n
2019-01-31 07:00:00+01:00,Seville,286.72,286.72,286.72,1010,91,5.14,220,0.11,0.0,0.0,75,500,rain,light rain,10n
2019-01-31 08:00:00+01:00,Seville,286.55,286.55,286.55,1010,91,4.63,220,0.0,0.0,0.0,75,803,clouds,broken clouds,04n
2019-01-31 09:00:00+01:00,Seville,286.55,286.55,286.55,1011,91,4.12,220,0.0,0.0,0.0,40,802,clouds,scattered clouds,03d
2019-01-31 10:00:00+01:00,Seville,286.8,286.8,286.8,1012,89,5.14,250,0.0,0.0,0.0,75,803,clouds,broken clouds,04d
2019-01-31 11:00:00+01:00,Seville,287.56,287.56,287.56,1011,85,3.6,240,0.25,0.0,0.0,40,500,rain,light rain,10d
2019-01-31 12:00:00+01:00,Seville,288.96,288.96,288.96,1012,79,5.14,240,0.0,0.0,0.0,40,802,clouds,scattered clouds,03d
2019-01-31 13:00:00+01:00,Seville,289.85,289.85,289.85,1010,72,6.2,250,0.25,0.0,0.0,40,500,rain,light rain,10d
2019-01-31 14:00:00+01:00,Seville,290.48,290.48,290.48,1010,67,8.23,240,0.0,0.0,0.0,40,802,clouds,scattered clouds,03d
2019-01-31 15:00:00+01:00,Seville,290.19,290.19,290.19,1009,70,7.72,250,0.0,0.0,0.0,75,803,clouds,broken clouds,04d
2019-01-31 16:00:00+01:00,Seville,289.67,289.67,289.67,1009,74,8.23,230,0.0,0.0,0.0,75,803,clouds,broken clouds,04d
2019-01-31 17:00:00+01:00,Seville,288.32,288.32,288.32,1008,85,7.72,230,0.25,0.0,0.0,75,500,rain,light rain,10d
2019-01-31 18:00:00+01:00,Seville,287.83,287.83,287.83,1008,88,8.23,230,0.0,0.0,0.0,75,803,clouds,broken clouds,04d
2019-01-31 19:00:00+01:00,Seville,287.5,287.5,287.5,1008,91,7.2,230,0.25,0.0,0.0,100,500,rain,light rain,10n
2019-01-31 20:00:00+01:00,Seville,287.5,287.5,287.5,1008,92,7.72,230,0.34,0.0,0.0,100,500,rain,light rain,10n
2019-01-31 21:00:00+01:00,Seville,287.5,287.5,287.5,1007,91,8.23,230,0.25,0.0,0.0,100,500,rain,light rain,10n
2019-01-31 22:00:00+01:00,Seville,287.25,287.25,287.25,1007,94,7.72,230,0.89,0.0,0.0,100,500,rain,light rain,10n
2019-01-31 23:00:00+01:00,Seville,287.58,287.58,287.58,1006,89,7.72,230,0.44,0.0,0.0,75,500,rain,light rain,10n
